product_id,product_name,platform,category,sub_category,mrp_inr,regular_price_30d_avg,sale_price_inr,advertised_discount_pct,actual_real_discount_pct,discount_inflation_pct,deal_type,customer_rating,review_count,return_rate_pct,seller_rating
PRD_1001,LG 1.5 Ton 5 Star Inverter AC - Lite,Amazon,Appliances,Large Appliances,41031,34066,29330,28.5,13.9,14.6,Genuine Deal,3.7,1122,9.9,4.4
PRD_1002,Allen Solly Polo T-Shirt - Pro Edition,Amazon,Fashion,Men Apparel,1127,1029,791,29.8,23.1,6.7,Genuine Deal,4.2,1155,5.3,3.4
PRD_1003,Borosil Glass Lunch Box Set - Plus,Amazon,Home & Kitchen,Cookware & Dining,2573,2420,2443,5.1,-1.0,6.1,Artificial / Slight Hike,3.7,4064,10.6,4.6
PRD_1004,Braun Series 3 Shaver - Plus,Amazon,Beauty & Personal Care,Grooming,1253,1066,717,42.8,32.7,10.1,Genuine Deal,3.9,468,8.3,4.1
PRD_1005,The Derma Co 1% Hyaluronic Sunscreen - Pro Edition,Flipkart,Beauty & Personal Care,Skincare,704,613,654,7.1,-6.7,13.8,Fake Discount (Hidden Markup),2.8,902,21.1,4.8
PRD_1006,Braun Series 3 Shaver - Ultra,Amazon,Beauty & Personal Care,Grooming,2601,1968,1974,24.1,-0.3,24.4,Artificial / Slight Hike,4.0,38,4.3,3.9
PRD_1007,Philips Air Fryer HD9200 - Series 2026,Amazon,Home & Kitchen,Kitchen Appliances,9006,7464,8468,6.0,-13.5,19.5,Fake Discount (Hidden Markup),3.9,736,25.6,3.4
PRD_1008,Cetaphil Gentle Skin Cleanser - Standard,Amazon,Beauty & Personal Care,Skincare,1098,939,677,38.3,27.9,10.4,Genuine Deal,4.6,1788,7.5,4.0
PRD_1009,Van Heusen Formal Shirt - Ultra,Amazon,Fashion,Men Apparel,1184,912,899,24.1,1.4,22.7,Artificial / Slight Hike,4.5,1132,4.1,4.1
PRD_1010,Braun Series 3 Shaver - Series 2026,Flipkart,Beauty & Personal Care,Grooming,2914,2255,2260,22.4,-0.2,22.6,Artificial / Slight Hike,3.7,315,6.7,3.9
PRD_1011,Zara Floral Dress - Classic,Amazon,Fashion,Women Apparel,1908,1770,1404,26.4,20.7,5.7,Genuine Deal,4.7,28,9.9,4.1
PRD_1012,Mamaearth Vitamin C Face Wash - Pro Edition,Amazon,Beauty & Personal Care,Skincare,603,459,353,41.5,23.1,18.4,Genuine Deal,4.5,4301,5.9,4.8
PRD_1013,Biba Printed Anarkali Kurta - Ultra,Amazon,Fashion,Women Apparel,1782,1679,1661,6.8,1.1,5.7,Artificial / Slight Hike,3.7,2886,5.2,3.6
PRD_1014,Samsung 253L Double Door Refrigerator - Standard,Amazon,Appliances,Large Appliances,28293,23075,24941,11.8,-8.1,19.9,Fake Discount (Hidden Markup),3.6,1220,17.9,4.3
PRD_1015,Redmi Note 13 Pro - Series 2026,Amazon,Electronics,Smartphones,28056,26424,25878,7.8,2.1,5.7,Artificial / Slight Hike,3.6,328,7.1,4.3
PRD_1016,MacBook Air M2 - Classic,Amazon,Electronics,Laptops & Tablets,73919,59353,45383,38.6,23.5,15.1,Genuine Deal,4.5,250,4.8,4.9
PRD_1017,boAt Rockerz 450 - Standard,Flipkart,Electronics,Audio & Headphones,26142,20127,20120,23.0,0.0,23.0,Artificial / Slight Hike,4.1,2748,8.8,4.7
PRD_1018,IFB 7Kg Front Load Washing Machine - Classic,Amazon,Appliances,Large Appliances,26202,20183,20575,21.5,-1.9,23.4,Artificial / Slight Hike,3.7,26,8.3,3.5
PRD_1019,Milton Thermosteel Bottle - Classic,Amazon,Home & Kitchen,Cookware & Dining,1115,1055,1064,4.6,-0.9,5.5,Artificial / Slight Hike,4.1,1551,9.0,3.7
PRD_1020,Prestige Induction Cooktop - Lite,Flipkart,Home & Kitchen,Kitchen Appliances,3879,3227,3592,7.4,-11.3,18.7,Fake Discount (Hidden Markup),3.9,537,19.0,4.3
PRD_1021,Redmi Note 13 Pro - Ultra,Flipkart,Electronics,Smartphones,49943,41732,44055,11.8,-5.6,17.4,Fake Discount (Hidden Markup),4.1,413,19.5,4.7
PRD_1022,Philips Trimmer BT3231 - Classic,Amazon,Beauty & Personal Care,Grooming,2503,2091,2216,11.5,-6.0,17.5,Fake Discount (Hidden Markup),2.7,395,15.1,4.0
PRD_1023,W for Woman Straight Kurti - Pro Edition,Flipkart,Fashion,Women Apparel,4234,3962,2901,31.5,26.8,4.7,Genuine Deal,4.1,439,5.0,3.7
PRD_1024,Fastrack Limitless FS1 - Pro Edition,Flipkart,Electronics,Smartwatches,26185,20633,24114,7.9,-16.9,24.8,Fake Discount (Hidden Markup),3.1,1941,20.0,4.3
PRD_1025,IFB 7Kg Front Load Washing Machine - Lite,Flipkart,Appliances,Large Appliances,22718,18951,18565,18.3,2.0,16.3,Artificial / Slight Hike,4.0,4830,4.2,4.6
PRD_1026,MacBook Air M2 - Standard,Amazon,Electronics,Laptops & Tablets,49712,41886,29028,41.6,30.7,10.9,Genuine Deal,4.0,753,10.7,4.6
PRD_1027,Morphy Richards Oven Toast - Plus,Amazon,Home & Kitchen,Kitchen Appliances,2761,2087,2123,23.1,-1.7,24.8,Artificial / Slight Hike,4.1,1655,6.5,3.6
PRD_1028,ASUS Vivobook 15 - Classic,Flipkart,Electronics,Laptops & Tablets,41264,37909,28912,29.9,23.7,6.2,Genuine Deal,4.5,414,8.3,4.8
PRD_1029,Philips Trimmer BT3231 - Lite,Flipkart,Beauty & Personal Care,Grooming,1038,868,755,27.3,13.0,14.3,Genuine Deal,4.0,138,3.7,3.7
PRD_1030,Havells Multi-Grooming Kit - Pro Edition,Amazon,Beauty & Personal Care,Grooming,2325,1988,1573,32.3,20.9,11.4,Genuine Deal,4.1,1229,7.9,3.3
PRD_1031,W for Woman Straight Kurti - Classic,Flipkart,Fashion,Women Apparel,2749,2235,2153,21.7,3.7,18.0,Artificial / Slight Hike,4.8,1234,9.9,4.6
PRD_1032,Milton Thermosteel Bottle - Classic,Amazon,Home & Kitchen,Cookware & Dining,3339,2624,2547,23.7,2.9,20.8,Artificial / Slight Hike,4.4,404,4.7,3.6
PRD_1033,The Derma Co 1% Hyaluronic Sunscreen - Series 2026,Amazon,Beauty & Personal Care,Skincare,602,492,358,40.5,27.2,13.3,Genuine Deal,4.0,842,5.1,4.4
PRD_1034,Morphy Richards Oven Toast - Plus,Amazon,Home & Kitchen,Kitchen Appliances,5470,4137,4114,24.8,0.6,24.2,Artificial / Slight Hike,4.3,1598,7.6,3.4
PRD_1035,Philips Trimmer BT3231 - Lite,Amazon,Beauty & Personal Care,Grooming,3077,2458,1657,46.1,32.6,13.5,Genuine Deal,4.3,482,9.6,4.7
PRD_1036,LG 1.5 Ton 5 Star Inverter AC - Classic,Flipkart,Appliances,Large Appliances,44025,38698,43975,0.1,-13.6,13.7,Fake Discount (Hidden Markup),3.1,124,19.9,3.4
PRD_1037,IFB 7Kg Front Load Washing Machine - Ultra,Flipkart,Appliances,Large Appliances,41561,32903,34938,15.9,-6.2,22.1,Fake Discount (Hidden Markup),3.1,976,12.9,4.0
PRD_1038,Prestige Induction Cooktop - Lite,Flipkart,Home & Kitchen,Kitchen Appliances,2858,2279,2310,19.2,-1.4,20.6,Artificial / Slight Hike,3.7,110,8.6,4.6
PRD_1039,Minimalist 10% Niacinamide Serum - Standard,Amazon,Beauty & Personal Care,Skincare,1187,1038,723,39.1,30.3,8.8,Genuine Deal,4.8,1699,10.9,3.8
PRD_1040,Havells Multi-Grooming Kit - Lite,Amazon,Beauty & Personal Care,Grooming,2130,1637,1271,40.3,22.4,17.9,Genuine Deal,3.6,89,6.7,3.4
PRD_1041,Apple Watch SE - Series 2026,Flipkart,Electronics,Smartwatches,19292,14614,12108,37.2,17.1,20.1,Genuine Deal,4.7,3983,4.8,3.2
PRD_1042,Minimalist 10% Niacinamide Serum - Standard,Flipkart,Beauty & Personal Care,Skincare,1132,867,629,44.4,27.5,16.9,Genuine Deal,3.7,313,4.3,3.7
PRD_1043,Borosil Glass Lunch Box Set - Classic,Amazon,Home & Kitchen,Cookware & Dining,3703,2807,2249,39.3,19.9,19.4,Genuine Deal,3.7,243,5.7,4.3
PRD_1044,Samsung 253L Double Door Refrigerator - Plus,Amazon,Appliances,Large Appliances,24021,18138,20691,13.9,-14.1,28.0,Fake Discount (Hidden Markup),3.2,2037,17.0,4.4
PRD_1045,Prestige Induction Cooktop - Pro Edition,Flipkart,Home & Kitchen,Kitchen Appliances,5458,4550,4826,11.6,-6.1,17.7,Fake Discount (Hidden Markup),3.9,236,20.8,3.9
PRD_1046,Biba Printed Anarkali Kurta - Series 2026,Amazon,Fashion,Women Apparel,2957,2583,2907,1.7,-12.5,14.2,Fake Discount (Hidden Markup),3.8,663,19.5,3.7
PRD_1047,LG 1.5 Ton 5 Star Inverter AC - Ultra,Amazon,Appliances,Large Appliances,47992,36026,35084,26.9,2.6,24.3,Artificial / Slight Hike,4.8,360,9.8,4.0
PRD_1048,Philips Air Fryer HD9200 - Plus,Amazon,Home & Kitchen,Kitchen Appliances,3672,2995,2990,18.6,0.2,18.4,Artificial / Slight Hike,3.7,901,8.4,4.5
PRD_1049,LG 1.5 Ton 5 Star Inverter AC - Standard,Flipkart,Appliances,Large Appliances,47167,43974,47117,0.1,-7.1,7.2,Fake Discount (Hidden Markup),3.1,1862,18.7,4.3
PRD_1050,Samsung 253L Double Door Refrigerator - Standard,Amazon,Appliances,Large Appliances,37810,31105,31557,16.5,-1.5,18.0,Artificial / Slight Hike,4.5,739,7.4,4.7
PRD_1051,Biba Printed Anarkali Kurta - Ultra,Amazon,Fashion,Women Apparel,3726,3197,3676,1.3,-15.0,16.3,Fake Discount (Hidden Markup),2.2,1183,12.7,3.8
PRD_1052,Borosil Glass Lunch Box Set - Series 2026,Flipkart,Home & Kitchen,Cookware & Dining,2380,2041,2032,14.6,0.4,14.2,Artificial / Slight Hike,4.5,1450,4.4,3.9
PRD_1053,Morphy Richards Oven Toast - Pro Edition,Amazon,Home & Kitchen,Kitchen Appliances,7218,6533,7152,0.9,-9.5,10.4,Fake Discount (Hidden Markup),2.8,974,12.5,4.1
PRD_1054,Puma Smash v2 - Ultra,Flipkart,Fashion,Footwear,4401,4099,4011,8.9,2.1,6.8,Artificial / Slight Hike,4.3,588,4.3,3.2
PRD_1055,Fastrack Limitless FS1 - Plus,Amazon,Electronics,Smartwatches,7885,6906,6787,13.9,1.7,12.2,Artificial / Slight Hike,4.1,1671,6.7,3.3
PRD_1056,Bajaj Mixer Grinder 750W - Standard,Flipkart,Home & Kitchen,Kitchen Appliances,8621,8137,8571,0.6,-5.3,5.9,Fake Discount (Hidden Markup),2.9,1624,13.7,3.5
PRD_1057,Noise ColorFit Pulse - Standard,Flipkart,Electronics,Smartwatches,5152,3976,3893,24.4,2.1,22.3,Artificial / Slight Hike,4.6,129,7.0,4.1
PRD_1058,Lenovo IdeaPad Slim 3 - Pro Edition,Amazon,Electronics,Laptops & Tablets,48445,42504,41898,13.5,1.4,12.1,Artificial / Slight Hike,4.1,1136,10.9,3.6
PRD_1059,Samsung 253L Double Door Refrigerator - Series 2026,Flipkart,Appliances,Large Appliances,24285,19156,13206,45.6,31.1,14.5,Genuine Deal,3.7,1452,3.1,4.9
PRD_1060,Voltas 1.5 Ton Split AC - Series 2026,Amazon,Appliances,Large Appliances,44503,35005,30009,32.6,14.3,18.3,Genuine Deal,4.5,996,10.4,4.2
PRD_1061,LG 1.5 Ton 5 Star Inverter AC - Standard,Amazon,Appliances,Large Appliances,47167,38101,27277,42.2,28.4,13.8,Genuine Deal,4.3,1772,8.7,3.3
PRD_1062,LG 1.5 Ton 5 Star Inverter AC - Series 2026,Amazon,Appliances,Large Appliances,37440,32803,32379,13.5,1.3,12.2,Artificial / Slight Hike,4.3,1404,4.6,3.3
PRD_1063,Apple iPhone 15 - Series 2026,Flipkart,Electronics,Smartphones,48121,39881,42428,11.8,-6.4,18.2,Fake Discount (Hidden Markup),3.8,650,23.9,4.8
PRD_1064,Levi's Women Skinny Jeans - Classic,Flipkart,Fashion,Women Apparel,3516,2936,3136,10.8,-6.8,17.6,Fake Discount (Hidden Markup),3.7,234,15.2,3.5
PRD_1065,Prestige Omega Deluxe Granite Cookware - Standard,Flipkart,Home & Kitchen,Cookware & Dining,1755,1359,945,46.2,30.5,15.7,Genuine Deal,4.2,765,6.0,3.7
PRD_1066,Apple iPhone 15 - Classic,Flipkart,Electronics,Smartphones,42403,35772,30146,28.9,15.7,13.2,Genuine Deal,4.3,505,6.5,4.4
PRD_1067,IFB 7Kg Front Load Washing Machine - Lite,Amazon,Appliances,Large Appliances,38121,32147,37049,2.8,-15.2,18.0,Fake Discount (Hidden Markup),2.4,362,17.0,4.5
PRD_1068,Levi's 511 Slim Jeans - Series 2026,Amazon,Fashion,Men Apparel,2788,2591,2583,7.4,0.3,7.1,Artificial / Slight Hike,4.2,857,7.8,4.1
PRD_1069,Voltas 1.5 Ton Split AC - Ultra,Flipkart,Appliances,Large Appliances,40720,33462,33041,18.9,1.3,17.6,Artificial / Slight Hike,3.9,260,5.8,4.7
PRD_1070,US Polo Assn Casual Shirt - Plus,Flipkart,Fashion,Men Apparel,3244,2991,2500,22.9,16.4,6.5,Genuine Deal,4.5,149,7.7,4.8
PRD_1071,Braun Series 3 Shaver - Pro Edition,Amazon,Beauty & Personal Care,Grooming,3136,2744,2416,23.0,12.0,11.0,Genuine Deal,3.7,2918,9.7,3.4
PRD_1072,Van Heusen Formal Shirt - Standard,Flipkart,Fashion,Men Apparel,3028,2675,2255,25.5,15.7,9.8,Genuine Deal,4.4,1656,6.0,3.5
PRD_1073,Adidas Ultraboost Light - Lite,Flipkart,Fashion,Footwear,5442,4230,4697,13.7,-11.0,24.7,Fake Discount (Hidden Markup),3.1,1081,26.7,3.3
PRD_1074,Samsung Galaxy Watch 6 - Standard,Amazon,Electronics,Smartwatches,2533,2248,2441,3.6,-8.6,12.2,Fake Discount (Hidden Markup),2.5,888,15.4,4.9
PRD_1075,Samsung 253L Double Door Refrigerator - Standard,Amazon,Appliances,Large Appliances,24219,18179,17893,26.1,1.6,24.5,Artificial / Slight Hike,3.7,302,9.0,4.7
PRD_1076,Minimalist 10% Niacinamide Serum - Ultra,Flipkart,Beauty & Personal Care,Skincare,724,606,427,41.0,29.5,11.5,Genuine Deal,4.2,717,7.2,3.9
PRD_1077,LG 1.5 Ton 5 Star Inverter AC - Ultra,Flipkart,Appliances,Large Appliances,23963,19154,12941,46.0,32.4,13.6,Genuine Deal,4.3,4651,9.4,4.6
PRD_1078,OnePlus 12R - Lite,Amazon,Electronics,Smartphones,62032,58685,41080,33.8,30.0,3.8,Genuine Deal,3.8,346,8.2,3.4
PRD_1079,Milton Thermosteel Bottle - Standard,Flipkart,Home & Kitchen,Cookware & Dining,1217,1084,1140,6.3,-5.2,11.5,Fake Discount (Hidden Markup),2.3,52,15.3,3.5
PRD_1080,Samsung 253L Double Door Refrigerator - Pro Edition,Flipkart,Appliances,Large Appliances,45676,37684,26142,42.8,30.6,12.2,Genuine Deal,4.1,2150,3.3,3.8
PRD_1081,Sennheiser HD 450SE - Plus,Amazon,Electronics,Audio & Headphones,7302,5513,5870,19.6,-6.5,26.1,Fake Discount (Hidden Markup),3.2,784,27.8,3.5
PRD_1082,boAt Rockerz 450 - Pro Edition,Amazon,Electronics,Audio & Headphones,18810,16899,11681,37.9,30.9,7.0,Genuine Deal,4.9,246,7.2,3.7
PRD_1083,Puma Smash v2 - Plus,Amazon,Fashion,Footwear,6378,5973,5914,7.3,1.0,6.3,Artificial / Slight Hike,4.5,201,3.9,3.6
PRD_1084,Prestige Omega Deluxe Granite Cookware - Plus,Flipkart,Home & Kitchen,Cookware & Dining,2715,2310,2240,17.5,3.0,14.5,Artificial / Slight Hike,4.1,677,9.2,3.8
PRD_1085,Fastrack Limitless FS1 - Plus,Amazon,Electronics,Smartwatches,25015,23422,24965,0.2,-6.6,6.8,Fake Discount (Hidden Markup),3.9,1151,23.5,4.8
PRD_1086,Philips Trimmer BT3231 - Pro Edition,Amazon,Beauty & Personal Care,Grooming,990,888,903,8.8,-1.7,10.5,Artificial / Slight Hike,4.2,508,7.8,4.5
PRD_1087,HP Pavilion 15 - Classic,Flipkart,Electronics,Laptops & Tablets,62206,50531,50794,18.3,-0.5,18.8,Artificial / Slight Hike,4.7,1443,9.4,3.7
PRD_1088,Morphy Richards Oven Toast - Series 2026,Flipkart,Home & Kitchen,Kitchen Appliances,10214,9423,10164,0.5,-7.9,8.4,Fake Discount (Hidden Markup),2.5,2495,20.7,4.4
PRD_1089,Havells Multi-Grooming Kit - Classic,Flipkart,Beauty & Personal Care,Grooming,3519,2887,2935,16.6,-1.7,18.3,Artificial / Slight Hike,4.5,1084,3.4,4.9
PRD_1090,W for Woman Straight Kurti - Lite,Amazon,Fashion,Women Apparel,3350,2983,3300,1.5,-10.6,12.1,Fake Discount (Hidden Markup),4.0,2396,19.6,4.6
PRD_1091,Biba Printed Anarkali Kurta - Standard,Amazon,Fashion,Women Apparel,2965,2680,2360,20.4,11.9,8.5,Genuine Deal,4.5,1568,5.7,3.3
PRD_1092,ASUS Vivobook 15 - Standard,Flipkart,Electronics,Laptops & Tablets,50718,41833,47273,6.8,-13.0,19.8,Fake Discount (Hidden Markup),2.6,2469,12.4,3.2
PRD_1093,Braun Series 3 Shaver - Series 2026,Flipkart,Beauty & Personal Care,Grooming,3794,3338,3679,3.0,-10.2,13.2,Fake Discount (Hidden Markup),3.1,2502,22.0,4.9
PRD_1094,Samsung Galaxy Watch 6 - Ultra,Flipkart,Electronics,Smartwatches,23834,22626,22675,4.9,-0.2,5.1,Artificial / Slight Hike,4.7,1087,8.7,3.7
PRD_1095,Apple Watch SE - Classic,Amazon,Electronics,Smartwatches,22229,20147,22179,0.2,-10.1,10.3,Fake Discount (Hidden Markup),2.3,2555,18.7,4.8
PRD_1096,Philips Trimmer BT3231 - Lite,Amazon,Beauty & Personal Care,Grooming,3774,3410,3724,1.3,-9.2,10.5,Fake Discount (Hidden Markup),3.3,334,20.2,3.5
PRD_1097,JBL Tune 510BT - Standard,Amazon,Electronics,Audio & Headphones,23461,19332,14894,36.5,23.0,13.5,Genuine Deal,4.4,381,7.2,4.1
PRD_1098,Lenovo IdeaPad Slim 3 - Series 2026,Amazon,Electronics,Laptops & Tablets,44588,40362,39733,10.9,1.6,9.3,Artificial / Slight Hike,4.4,2539,3.7,3.7
PRD_1099,Apple Watch SE - Pro Edition,Flipkart,Electronics,Smartwatches,27794,21904,21618,22.2,1.3,20.9,Artificial / Slight Hike,3.7,579,6.3,3.6
PRD_1100,Allen Solly Polo T-Shirt - Ultra,Amazon,Fashion,Men Apparel,1238,1006,691,44.2,31.3,12.9,Genuine Deal,4.2,1096,6.8,4.6
PRD_1101,Biba Printed Anarkali Kurta - Ultra,Flipkart,Fashion,Women Apparel,3488,2949,3190,8.5,-8.2,16.7,Fake Discount (Hidden Markup),2.4,507,14.6,3.6
PRD_1102,IFB 7Kg Front Load Washing Machine - Series 2026,Flipkart,Appliances,Large Appliances,41570,38172,41520,0.1,-8.8,8.9,Fake Discount (Hidden Markup),2.2,185,25.2,3.8
PRD_1103,Allen Solly Polo T-Shirt - Ultra,Amazon,Fashion,Men Apparel,2071,1964,1464,29.3,25.5,3.8,Genuine Deal,4.9,381,8.1,4.3
PRD_1104,Prestige Omega Deluxe Granite Cookware - Series 2026,Flipkart,Home & Kitchen,Cookware & Dining,3163,2662,2913,7.9,-9.4,17.3,Fake Discount (Hidden Markup),3.4,149,26.9,4.8
PRD_1105,Zara Floral Dress - Classic,Amazon,Fashion,Women Apparel,3629,2933,2981,17.9,-1.6,19.5,Artificial / Slight Hike,3.7,5564,9.8,4.3
PRD_1106,Morphy Richards Oven Toast - Ultra,Amazon,Home & Kitchen,Kitchen Appliances,5144,4819,5094,1.0,-5.7,6.7,Fake Discount (Hidden Markup),3.7,21,16.0,3.5
PRD_1107,LG 1.5 Ton 5 Star Inverter AC - Series 2026,Amazon,Appliances,Large Appliances,33736,30945,33686,0.1,-8.9,9.0,Fake Discount (Hidden Markup),2.5,1389,13.3,4.3
PRD_1108,Noise Two Wireless - Plus,Flipkart,Electronics,Audio & Headphones,21529,16536,19436,9.7,-17.5,27.2,Fake Discount (Hidden Markup),3.6,468,19.1,3.7
PRD_1109,Adidas Ultraboost Light - Classic,Flipkart,Fashion,Footwear,8098,7096,7887,2.6,-11.1,13.7,Fake Discount (Hidden Markup),4.0,2455,15.0,4.5
PRD_1110,Levi's Women Skinny Jeans - Ultra,Flipkart,Fashion,Women Apparel,1198,1130,1148,4.2,-1.6,5.8,Fake Discount (Hidden Markup),3.7,169,19.7,3.4
PRD_1111,LG 1.5 Ton 5 Star Inverter AC - Standard,Amazon,Appliances,Large Appliances,27864,25574,25585,8.2,-0.0,8.2,Artificial / Slight Hike,4.4,5008,6.5,3.5
PRD_1112,US Polo Assn Casual Shirt - Lite,Amazon,Fashion,Men Apparel,2693,2204,2587,3.9,-17.4,21.3,Fake Discount (Hidden Markup),3.9,1679,23.6,3.4
PRD_1113,Voltas 1.5 Ton Split AC - Classic,Amazon,Appliances,Large Appliances,36550,34651,26701,26.9,22.9,4.0,Genuine Deal,3.7,60,5.8,3.3
PRD_1114,US Polo Assn Casual Shirt - Pro Edition,Flipkart,Fashion,Men Apparel,2599,2052,1760,32.3,14.2,18.1,Genuine Deal,3.7,1490,8.1,3.3
PRD_1115,Noise Two Wireless - Pro Edition,Amazon,Electronics,Audio & Headphones,18583,14742,14608,21.4,0.9,20.5,Artificial / Slight Hike,4.5,1112,7.4,4.5
PRD_1116,MacBook Air M2 - Standard,Amazon,Electronics,Laptops & Tablets,35305,33113,28480,19.3,14.0,5.3,Genuine Deal,4.7,4488,4.8,3.8
PRD_1117,Cetaphil Gentle Skin Cleanser - Series 2026,Amazon,Beauty & Personal Care,Skincare,445,420,420,5.6,0.0,5.6,Artificial / Slight Hike,4.3,122,6.9,3.9
PRD_1118,Samsung Galaxy Watch 6 - Classic,Flipkart,Electronics,Smartwatches,27982,22513,22388,20.0,0.6,19.4,Artificial / Slight Hike,4.0,5292,6.0,3.3
PRD_1119,MacBook Air M2 - Ultra,Amazon,Electronics,Laptops & Tablets,55708,46168,44894,19.4,2.8,16.6,Artificial / Slight Hike,4.5,420,10.9,3.8
PRD_1120,Nike Air Max SC - Series 2026,Amazon,Fashion,Footwear,9491,8247,8098,14.7,1.8,12.9,Artificial / Slight Hike,4.1,659,7.1,3.3
PRD_1121,LG 1.5 Ton 5 Star Inverter AC - Lite,Amazon,Appliances,Large Appliances,37415,31208,31653,15.4,-1.4,16.8,Artificial / Slight Hike,4.4,631,5.5,4.7
PRD_1122,Dell Inspiron 3520 - Plus,Amazon,Electronics,Laptops & Tablets,93038,79942,70478,24.2,11.8,12.4,Genuine Deal,3.8,513,7.2,4.6
PRD_1123,Voltas 1.5 Ton Split AC - Series 2026,Flipkart,Appliances,Large Appliances,46663,41973,33794,27.6,19.5,8.1,Genuine Deal,4.4,935,5.9,4.5
PRD_1124,IFB 7Kg Front Load Washing Machine - Lite,Amazon,Appliances,Large Appliances,36511,30742,20084,45.0,34.7,10.3,Genuine Deal,3.8,83,4.8,4.3
PRD_1125,Mamaearth Vitamin C Face Wash - Ultra,Flipkart,Beauty & Personal Care,Skincare,392,326,324,17.3,0.6,16.7,Artificial / Slight Hike,4.2,41,8.5,3.7
PRD_1126,Borosil Glass Lunch Box Set - Plus,Flipkart,Home & Kitchen,Cookware & Dining,2362,2184,1887,20.1,13.6,6.5,Genuine Deal,4.8,232,8.9,3.5
PRD_1127,Havells Multi-Grooming Kit - Ultra,Flipkart,Beauty & Personal Care,Grooming,3693,3319,3190,13.6,3.9,9.7,Artificial / Slight Hike,4.1,355,3.1,4.6
PRD_1128,Lenovo IdeaPad Slim 3 - Classic,Flipkart,Electronics,Laptops & Tablets,74819,60954,44818,40.1,26.5,13.6,Genuine Deal,4.1,155,8.2,4.3
PRD_1129,Apple iPhone 15 - Classic,Flipkart,Electronics,Smartphones,75952,60269,58804,22.6,2.4,20.2,Artificial / Slight Hike,4.7,495,6.2,4.3
PRD_1130,Nike Air Max SC - Lite,Flipkart,Fashion,Footwear,5678,4465,3410,39.9,23.6,16.3,Genuine Deal,3.6,567,5.6,3.9
PRD_1131,LG 1.5 Ton 5 Star Inverter AC - Classic,Amazon,Appliances,Large Appliances,37508,31539,32142,14.3,-1.9,16.2,Artificial / Slight Hike,4.4,1254,4.3,4.5
PRD_1132,Havells Multi-Grooming Kit - Standard,Amazon,Beauty & Personal Care,Grooming,3551,2795,2411,32.1,13.7,18.4,Genuine Deal,4.3,797,5.0,3.9
PRD_1133,Levi's Women Skinny Jeans - Ultra,Amazon,Fashion,Women Apparel,3825,3304,3499,8.5,-5.9,14.4,Fake Discount (Hidden Markup),4.0,593,22.5,3.5
PRD_1134,Prestige Omega Deluxe Granite Cookware - Ultra,Amazon,Home & Kitchen,Cookware & Dining,2660,2248,2167,18.5,3.6,14.9,Artificial / Slight Hike,4.3,132,7.6,4.4
PRD_1135,Havells Multi-Grooming Kit - Classic,Flipkart,Beauty & Personal Care,Grooming,2415,2234,2365,2.1,-5.9,8.0,Fake Discount (Hidden Markup),2.5,1912,16.7,3.5
PRD_1136,Voltas 1.5 Ton Split AC - Standard,Amazon,Appliances,Large Appliances,42955,36080,26760,37.7,25.8,11.9,Genuine Deal,4.8,2072,7.8,4.7
PRD_1137,Noise ColorFit Pulse - Pro Edition,Flipkart,Electronics,Smartwatches,12503,9612,10788,13.7,-12.2,25.9,Fake Discount (Hidden Markup),2.6,1599,16.8,4.6
PRD_1138,JBL Tune 510BT - Plus,Amazon,Electronics,Audio & Headphones,5361,4638,3901,27.2,15.9,11.3,Genuine Deal,4.7,939,6.8,3.5
PRD_1139,Borosil Glass Lunch Box Set - Series 2026,Amazon,Home & Kitchen,Cookware & Dining,1311,1142,1130,13.8,1.1,12.7,Artificial / Slight Hike,4.9,1445,4.1,3.9
PRD_1140,OnePlus 12R - Lite,Flipkart,Electronics,Smartphones,38876,30566,30558,21.4,0.0,21.4,Artificial / Slight Hike,4.8,389,9.2,4.3
PRD_1141,HP Pavilion 15 - Series 2026,Flipkart,Electronics,Laptops & Tablets,52331,43255,41961,19.8,3.0,16.8,Artificial / Slight Hike,4.5,1246,3.6,3.7
PRD_1142,Milton Thermosteel Bottle - Pro Edition,Flipkart,Home & Kitchen,Cookware & Dining,1665,1358,1542,7.4,-13.5,20.9,Fake Discount (Hidden Markup),3.2,771,23.7,3.3
PRD_1143,LG 1.5 Ton 5 Star Inverter AC - Ultra,Flipkart,Appliances,Large Appliances,38508,30769,24542,36.3,20.2,16.1,Genuine Deal,4.1,21,9.6,3.7
PRD_1144,Prestige Omega Deluxe Granite Cookware - Ultra,Amazon,Home & Kitchen,Cookware & Dining,919,693,495,46.1,28.6,17.5,Genuine Deal,4.6,1356,4.9,3.4
PRD_1145,Redmi Note 13 Pro - Standard,Amazon,Electronics,Smartphones,26151,24513,20668,21.0,15.7,5.3,Genuine Deal,4.0,530,6.0,3.6
PRD_1146,Prestige Omega Deluxe Granite Cookware - Lite,Amazon,Home & Kitchen,Cookware & Dining,3798,2944,2070,45.5,29.7,15.8,Genuine Deal,4.3,615,7.5,4.1
PRD_1147,Adidas Ultraboost Light - Standard,Flipkart,Fashion,Footwear,10633,8255,9515,10.5,-15.3,25.8,Fake Discount (Hidden Markup),2.7,638,13.3,3.5
PRD_1148,Van Heusen Formal Shirt - Pro Edition,Amazon,Fashion,Men Apparel,2458,1930,1321,46.3,31.6,14.7,Genuine Deal,4.8,1138,6.9,4.5
PRD_1149,Philips Air Fryer HD9200 - Standard,Amazon,Home & Kitchen,Kitchen Appliances,2890,2533,2263,21.7,10.7,11.0,Genuine Deal,3.8,976,10.7,4.8
PRD_1150,The Derma Co 1% Hyaluronic Sunscreen - Plus,Flipkart,Beauty & Personal Care,Skincare,695,645,649,6.6,-0.6,7.2,Artificial / Slight Hike,4.4,217,8.2,3.3
PRD_1151,Puma Smash v2 - Standard,Amazon,Fashion,Footwear,11942,11206,10768,9.8,3.9,5.9,Artificial / Slight Hike,3.9,175,4.1,3.7
PRD_1152,LG 1.5 Ton 5 Star Inverter AC - Plus,Flipkart,Appliances,Large Appliances,38462,34778,29380,23.6,15.5,8.1,Genuine Deal,3.8,2280,8.2,4.4
PRD_1153,Mamaearth Vitamin C Face Wash - Series 2026,Amazon,Beauty & Personal Care,Skincare,672,527,513,23.7,2.7,21.0,Artificial / Slight Hike,3.6,807,6.3,3.2
PRD_1154,W for Woman Straight Kurti - Lite,Amazon,Fashion,Women Apparel,3052,2701,3002,1.6,-11.1,12.7,Fake Discount (Hidden Markup),2.5,72,13.0,3.8
PRD_1155,Philips Air Fryer HD9200 - Plus,Flipkart,Home & Kitchen,Kitchen Appliances,4027,3705,2533,37.1,31.6,5.5,Genuine Deal,3.9,2017,8.2,4.2
PRD_1156,Puma Smash v2 - Ultra,Amazon,Fashion,Footwear,2291,2129,2051,10.5,3.7,6.8,Artificial / Slight Hike,4.7,413,3.6,4.8
PRD_1157,Braun Series 3 Shaver - Lite,Amazon,Beauty & Personal Care,Grooming,2812,2167,2130,24.3,1.7,22.6,Artificial / Slight Hike,3.7,215,7.1,4.5
PRD_1158,Philips Trimmer BT3231 - Classic,Flipkart,Beauty & Personal Care,Grooming,3064,2506,2665,13.0,-6.3,19.3,Fake Discount (Hidden Markup),2.2,608,20.1,4.0
PRD_1159,IFB 7Kg Front Load Washing Machine - Series 2026,Amazon,Appliances,Large Appliances,39195,35783,31324,20.1,12.5,7.6,Genuine Deal,4.5,389,9.1,3.2
PRD_1160,LG 1.5 Ton 5 Star Inverter AC - Lite,Flipkart,Appliances,Large Appliances,42344,38297,42294,0.1,-10.4,10.5,Fake Discount (Hidden Markup),2.1,382,16.1,3.3
PRD_1161,Levi's 511 Slim Jeans - Plus,Amazon,Fashion,Men Apparel,1449,1092,1075,25.8,1.6,24.2,Artificial / Slight Hike,4.6,1302,9.5,3.4
PRD_1162,Biba Printed Anarkali Kurta - Classic,Amazon,Fashion,Women Apparel,2128,1787,1535,27.9,14.1,13.8,Genuine Deal,4.0,1372,10.4,4.0
PRD_1163,The Derma Co 1% Hyaluronic Sunscreen - Standard,Flipkart,Beauty & Personal Care,Skincare,1075,839,908,15.5,-8.2,23.7,Fake Discount (Hidden Markup),3.6,2234,19.4,4.4
PRD_1164,Voltas 1.5 Ton Split AC - Series 2026,Flipkart,Appliances,Large Appliances,30321,24237,18543,38.8,23.5,15.3,Genuine Deal,4.5,1407,3.9,3.4
PRD_1165,Morphy Richards Oven Toast - Plus,Flipkart,Home & Kitchen,Kitchen Appliances,8461,7120,7045,16.7,1.1,15.6,Artificial / Slight Hike,4.0,1421,7.5,4.7
PRD_1166,Cetaphil Gentle Skin Cleanser - Pro Edition,Amazon,Beauty & Personal Care,Skincare,802,631,610,23.9,3.3,20.6,Artificial / Slight Hike,4.0,2562,4.6,4.3
PRD_1167,Havells Multi-Grooming Kit - Lite,Amazon,Beauty & Personal Care,Grooming,2683,2179,1667,37.9,23.5,14.4,Genuine Deal,4.3,2218,9.8,4.6
PRD_1168,Sennheiser HD 450SE - Classic,Flipkart,Electronics,Audio & Headphones,20058,16021,17801,11.3,-11.1,22.4,Fake Discount (Hidden Markup),3.1,604,14.0,4.3
PRD_1169,Milton Thermosteel Bottle - Standard,Amazon,Home & Kitchen,Cookware & Dining,1944,1576,1174,39.6,25.5,14.1,Genuine Deal,4.1,137,9.4,4.2
PRD_1170,Milton Thermosteel Bottle - Pro Edition,Amazon,Home & Kitchen,Cookware & Dining,2465,2065,2022,18.0,2.1,15.9,Artificial / Slight Hike,4.6,2111,5.2,4.0
PRD_1171,Havells Multi-Grooming Kit - Pro Edition,Amazon,Beauty & Personal Care,Grooming,2952,2338,2323,21.3,0.6,20.7,Artificial / Slight Hike,3.8,703,5.6,3.4
PRD_1172,Borosil Glass Lunch Box Set - Lite,Flipkart,Home & Kitchen,Cookware & Dining,3994,3048,3031,24.1,0.6,23.5,Artificial / Slight Hike,4.4,171,9.3,3.9
PRD_1173,Philips Air Fryer HD9200 - Pro Edition,Amazon,Home & Kitchen,Kitchen Appliances,7083,6467,5279,25.5,18.4,7.1,Genuine Deal,3.6,2158,3.2,3.7
PRD_1174,Minimalist 10% Niacinamide Serum - Series 2026,Amazon,Beauty & Personal Care,Skincare,533,460,483,9.4,-5.0,14.4,Fake Discount (Hidden Markup),2.5,755,24.8,4.0
PRD_1175,Samsung 253L Double Door Refrigerator - Lite,Flipkart,Appliances,Large Appliances,45501,34950,36729,19.3,-5.1,24.4,Fake Discount (Hidden Markup),2.2,188,15.6,3.9
PRD_1176,ASUS Vivobook 15 - Standard,Amazon,Electronics,Laptops & Tablets,48378,45527,37836,21.8,16.9,4.9,Genuine Deal,4.0,4438,9.3,3.8
PRD_1177,Google Pixel 8 - Plus,Amazon,Electronics,Smartphones,25946,20221,15066,41.9,25.5,16.4,Genuine Deal,4.3,474,5.8,4.5
PRD_1178,Zara Floral Dress - Lite,Flipkart,Fashion,Women Apparel,4052,3530,4002,1.2,-13.4,14.6,Fake Discount (Hidden Markup),3.3,4687,19.9,3.4
PRD_1179,Philips Trimmer BT3231 - Series 2026,Flipkart,Beauty & Personal Care,Grooming,1795,1365,1465,18.4,-7.3,25.7,Fake Discount (Hidden Markup),2.1,669,23.5,3.4
PRD_1180,Realme Narzo 60 - Ultra,Amazon,Electronics,Smartphones,75209,60576,43798,41.8,27.7,14.1,Genuine Deal,4.3,755,3.7,4.0
PRD_1181,Van Heusen Formal Shirt - Classic,Amazon,Fashion,Men Apparel,2540,2178,2136,15.9,1.9,14.0,Artificial / Slight Hike,4.3,882,3.5,4.6
PRD_1182,Philips Air Fryer HD9200 - Lite,Amazon,Home & Kitchen,Kitchen Appliances,9785,8229,9447,3.5,-14.8,18.3,Fake Discount (Hidden Markup),2.1,1313,14.0,3.5
PRD_1183,Cetaphil Gentle Skin Cleanser - Pro Edition,Amazon,Beauty & Personal Care,Skincare,975,817,828,15.1,-1.3,16.4,Artificial / Slight Hike,4.0,614,5.3,4.6
PRD_1184,Noise ColorFit Pulse - Series 2026,Flipkart,Electronics,Smartwatches,25156,19045,14648,41.8,23.1,18.7,Genuine Deal,4.0,1054,9.3,4.3
PRD_1185,Van Heusen Formal Shirt - Plus,Amazon,Fashion,Men Apparel,2217,2032,2028,8.5,0.2,8.3,Artificial / Slight Hike,4.8,868,4.4,4.2
PRD_1186,Braun Series 3 Shaver - Ultra,Flipkart,Beauty & Personal Care,Grooming,2176,1799,1222,43.8,32.1,11.7,Genuine Deal,4.6,4118,7.0,3.9
PRD_1187,Philips Trimmer BT3231 - Pro Edition,Flipkart,Beauty & Personal Care,Grooming,1381,1068,1078,21.9,-0.9,22.8,Artificial / Slight Hike,3.6,919,7.5,4.4
PRD_1188,Minimalist 10% Niacinamide Serum - Plus,Amazon,Beauty & Personal Care,Skincare,1072,842,822,23.3,2.4,20.9,Artificial / Slight Hike,4.0,2088,6.8,4.0
PRD_1189,US Polo Assn Casual Shirt - Plus,Amazon,Fashion,Men Apparel,1572,1438,1395,11.3,3.0,8.3,Artificial / Slight Hike,3.7,203,4.9,3.8
PRD_1190,Biba Printed Anarkali Kurta - Lite,Amazon,Fashion,Women Apparel,3059,2690,2989,2.3,-11.1,13.4,Fake Discount (Hidden Markup),4.1,181,22.1,4.3
PRD_1191,IFB 7Kg Front Load Washing Machine - Lite,Amazon,Appliances,Large Appliances,26345,21575,22857,13.2,-5.9,19.1,Fake Discount (Hidden Markup),2.3,2435,17.4,3.6
PRD_1192,Minimalist 10% Niacinamide Serum - Ultra,Flipkart,Beauty & Personal Care,Skincare,667,532,574,13.9,-7.9,21.8,Fake Discount (Hidden Markup),3.7,2769,12.9,4.3
PRD_1193,Bajaj Mixer Grinder 750W - Series 2026,Amazon,Home & Kitchen,Kitchen Appliances,5202,4547,3658,29.7,19.6,10.1,Genuine Deal,3.8,1965,6.3,4.0
PRD_1194,US Polo Assn Casual Shirt - Standard,Amazon,Fashion,Men Apparel,3089,2754,3039,1.6,-10.3,11.9,Fake Discount (Hidden Markup),3.7,3970,12.3,4.4
PRD_1195,Lenovo IdeaPad Slim 3 - Lite,Flipkart,Electronics,Laptops & Tablets,59239,53688,47401,20.0,11.7,8.3,Genuine Deal,3.9,1024,3.4,3.7
PRD_1196,Minimalist 10% Niacinamide Serum - Series 2026,Flipkart,Beauty & Personal Care,Skincare,957,794,540,43.6,32.0,11.6,Genuine Deal,4.7,519,5.6,4.9
PRD_1197,Philips Trimmer BT3231 - Standard,Flipkart,Beauty & Personal Care,Grooming,2144,1921,2094,2.3,-9.0,11.3,Fake Discount (Hidden Markup),3.4,318,16.0,4.0
PRD_1198,Apple iPhone 15 - Plus,Amazon,Electronics,Smartphones,75798,71027,74810,1.3,-5.3,6.6,Fake Discount (Hidden Markup),3.5,2918,13.3,4.0
PRD_1199,Milton Thermosteel Bottle - Standard,Amazon,Home & Kitchen,Cookware & Dining,2624,2161,2113,19.5,2.2,17.3,Artificial / Slight Hike,3.9,152,7.1,3.9
PRD_1200,Samsung 253L Double Door Refrigerator - Pro Edition,Flipkart,Appliances,Large Appliances,34295,25832,20620,39.9,20.2,19.7,Genuine Deal,4.8,68,3.0,4.2
PRD_1201,Prestige Omega Deluxe Granite Cookware - Classic,Flipkart,Home & Kitchen,Cookware & Dining,2076,1775,1760,15.2,0.8,14.4,Artificial / Slight Hike,4.2,1092,6.8,4.1
PRD_1202,JBL Tune 510BT - Plus,Amazon,Electronics,Audio & Headphones,4203,3708,4153,1.2,-12.0,13.2,Fake Discount (Hidden Markup),3.1,3241,16.7,3.9
PRD_1203,Realme Narzo 60 - Series 2026,Amazon,Electronics,Smartphones,76590,63956,46761,38.9,26.9,12.0,Genuine Deal,3.7,3201,6.6,3.5
PRD_1204,Milton Thermosteel Bottle - Ultra,Flipkart,Home & Kitchen,Cookware & Dining,1403,1143,823,41.3,28.0,13.3,Genuine Deal,4.8,2404,8.8,3.2
PRD_1205,Samsung Galaxy Watch 6 - Pro Edition,Amazon,Electronics,Smartwatches,9329,7621,8658,7.2,-13.6,20.8,Fake Discount (Hidden Markup),2.3,977,21.5,4.7
PRD_1206,Philips Air Fryer HD9200 - Lite,Amazon,Home & Kitchen,Kitchen Appliances,5420,4448,4299,20.7,3.3,17.4,Artificial / Slight Hike,4.4,199,7.0,3.4
PRD_1207,Prestige Omega Deluxe Granite Cookware - Series 2026,Amazon,Home & Kitchen,Cookware & Dining,3093,2610,3043,1.6,-16.6,18.2,Fake Discount (Hidden Markup),3.7,932,23.1,4.0
PRD_1208,Sparx Running Shoes - Standard,Amazon,Fashion,Footwear,7056,6218,6099,13.6,1.9,11.7,Artificial / Slight Hike,4.7,694,8.5,4.3
PRD_1209,Havells Multi-Grooming Kit - Standard,Amazon,Beauty & Personal Care,Grooming,2194,1733,2012,8.3,-16.1,24.4,Fake Discount (Hidden Markup),3.9,480,18.9,4.2
PRD_1210,Noise Two Wireless - Plus,Amazon,Electronics,Audio & Headphones,20337,17796,14100,30.7,20.8,9.9,Genuine Deal,3.8,529,10.1,3.5
PRD_1211,Samsung 253L Double Door Refrigerator - Plus,Flipkart,Appliances,Large Appliances,22174,19354,21821,1.6,-12.7,14.3,Fake Discount (Hidden Markup),2.3,928,25.6,4.6
PRD_1212,Samsung Galaxy Watch 6 - Classic,Amazon,Electronics,Smartwatches,5786,4934,3817,34.0,22.6,11.4,Genuine Deal,4.9,67,6.1,3.3
PRD_1213,W for Woman Straight Kurti - Standard,Flipkart,Fashion,Women Apparel,3573,3066,2069,42.1,32.5,9.6,Genuine Deal,3.8,472,10.6,4.7
PRD_1214,LG 1.5 Ton 5 Star Inverter AC - Classic,Amazon,Appliances,Large Appliances,24293,20129,17960,26.1,10.8,15.3,Genuine Deal,4.9,4720,9.2,4.0
PRD_1215,Philips Trimmer BT3231 - Series 2026,Flipkart,Beauty & Personal Care,Grooming,3331,2927,3281,1.5,-12.1,13.6,Fake Discount (Hidden Markup),2.5,1377,20.1,3.6
PRD_1216,IFB 7Kg Front Load Washing Machine - Classic,Flipkart,Appliances,Large Appliances,37092,34204,33602,9.4,1.8,7.6,Artificial / Slight Hike,4.2,6129,6.2,4.7
PRD_1217,MacBook Air M2 - Series 2026,Flipkart,Electronics,Laptops & Tablets,43085,37525,29311,32.0,21.9,10.1,Genuine Deal,4.3,4010,4.8,4.7
PRD_1218,Cetaphil Gentle Skin Cleanser - Standard,Amazon,Beauty & Personal Care,Skincare,417,330,231,44.6,30.0,14.6,Genuine Deal,4.0,3479,10.0,3.5
PRD_1219,Voltas 1.5 Ton Split AC - Plus,Amazon,Appliances,Large Appliances,44452,36995,30652,31.0,17.1,13.9,Genuine Deal,3.9,606,9.1,4.1
PRD_1220,Adidas Ultraboost Light - Ultra,Flipkart,Fashion,Footwear,11784,10234,11734,0.4,-14.7,15.1,Fake Discount (Hidden Markup),3.2,288,27.3,3.4
PRD_1221,Apple iPhone 15 - Classic,Amazon,Electronics,Smartphones,77516,72671,77466,0.1,-6.6,6.7,Fake Discount (Hidden Markup),3.1,3150,22.0,3.2
PRD_1222,Braun Series 3 Shaver - Series 2026,Amazon,Beauty & Personal Care,Grooming,2908,2684,2174,25.2,19.0,6.2,Genuine Deal,4.6,303,5.2,4.8
PRD_1223,Prestige Omega Deluxe Granite Cookware - Classic,Flipkart,Home & Kitchen,Cookware & Dining,814,772,628,22.9,18.7,4.2,Genuine Deal,4.4,26,3.6,4.8
PRD_1224,Apple Watch SE - Plus,Amazon,Electronics,Smartwatches,22851,21231,15269,33.2,28.1,5.1,Genuine Deal,4.0,49,8.5,3.7
PRD_1225,LG 1.5 Ton 5 Star Inverter AC - Ultra,Amazon,Appliances,Large Appliances,40141,38085,26003,35.2,31.7,3.5,Genuine Deal,4.5,2234,3.9,3.6
PRD_1226,Allen Solly Polo T-Shirt - Ultra,Flipkart,Fashion,Men Apparel,2533,2299,2483,2.0,-8.0,10.0,Fake Discount (Hidden Markup),2.7,391,14.4,3.2
PRD_1227,Apple iPhone 15 - Standard,Flipkart,Electronics,Smartphones,83528,69269,51123,38.8,26.2,12.6,Genuine Deal,3.8,859,10.1,4.0
PRD_1228,Voltas 1.5 Ton Split AC - Pro Edition,Amazon,Appliances,Large Appliances,28290,22835,26363,6.8,-15.4,22.2,Fake Discount (Hidden Markup),3.2,205,20.3,4.5
PRD_1229,Van Heusen Formal Shirt - Pro Edition,Flipkart,Fashion,Men Apparel,2692,2411,2444,9.2,-1.4,10.6,Artificial / Slight Hike,3.8,1526,9.3,4.2
PRD_1230,Sparx Running Shoes - Plus,Flipkart,Fashion,Footwear,9098,8067,6533,28.2,19.0,9.2,Genuine Deal,4.0,471,9.7,4.5
PRD_1231,Minimalist 10% Niacinamide Serum - Standard,Amazon,Beauty & Personal Care,Skincare,639,483,351,45.1,27.3,17.8,Genuine Deal,4.2,1221,6.1,4.4
PRD_1232,Mamaearth Vitamin C Face Wash - Ultra,Flipkart,Beauty & Personal Care,Skincare,464,414,302,34.9,27.1,7.8,Genuine Deal,4.8,794,5.2,4.3
PRD_1233,Google Pixel 8 - Lite,Amazon,Electronics,Smartphones,50028,43196,43518,13.0,-0.7,13.7,Artificial / Slight Hike,4.1,84,6.0,4.5
PRD_1234,Braun Series 3 Shaver - Pro Edition,Amazon,Beauty & Personal Care,Grooming,1514,1239,1198,20.9,3.3,17.6,Artificial / Slight Hike,3.9,1143,8.4,3.7
PRD_1235,Samsung 253L Double Door Refrigerator - Series 2026,Amazon,Appliances,Large Appliances,30206,24800,17898,40.7,27.8,12.9,Genuine Deal,3.9,426,10.1,3.8
PRD_1236,Bata Formal Oxford - Lite,Amazon,Fashion,Footwear,10157,9619,7845,22.8,18.4,4.4,Genuine Deal,3.6,660,4.0,4.0
PRD_1237,Dell Inspiron 3520 - Ultra,Flipkart,Electronics,Laptops & Tablets,60166,45563,44622,25.8,2.1,23.7,Artificial / Slight Hike,4.0,1798,9.2,4.1
PRD_1238,Milton Thermosteel Bottle - Pro Edition,Amazon,Home & Kitchen,Cookware & Dining,3195,2519,2099,34.3,16.7,17.6,Genuine Deal,3.6,1800,5.3,4.1
PRD_1239,Voltas 1.5 Ton Split AC - Series 2026,Amazon,Appliances,Large Appliances,39238,32972,37516,4.4,-13.8,18.2,Fake Discount (Hidden Markup),3.2,1138,25.3,3.7
PRD_1240,Borosil Glass Lunch Box Set - Ultra,Flipkart,Home & Kitchen,Cookware & Dining,1298,1169,1139,12.2,2.6,9.6,Artificial / Slight Hike,4.2,3818,3.5,4.8
PRD_1241,Samsung 253L Double Door Refrigerator - Series 2026,Flipkart,Appliances,Large Appliances,47031,43968,37093,21.1,15.6,5.5,Genuine Deal,3.9,1188,4.1,4.5
PRD_1242,Philips Air Fryer HD9200 - Plus,Flipkart,Home & Kitchen,Kitchen Appliances,5187,4228,3440,33.7,18.6,15.1,Genuine Deal,4.8,781,5.3,4.7
PRD_1243,Levi's 511 Slim Jeans - Pro Edition,Flipkart,Fashion,Men Apparel,622,512,518,16.7,-1.2,17.9,Artificial / Slight Hike,4.8,352,7.2,4.1
PRD_1244,Havells Multi-Grooming Kit - Standard,Amazon,Beauty & Personal Care,Grooming,3240,2780,2763,14.7,0.6,14.1,Artificial / Slight Hike,3.7,727,4.3,3.6
PRD_1245,OnePlus 12R - Ultra,Amazon,Electronics,Smartphones,51906,45242,45851,11.7,-1.3,13.0,Artificial / Slight Hike,4.4,646,7.0,4.8
PRD_1246,IFB 7Kg Front Load Washing Machine - Ultra,Flipkart,Appliances,Large Appliances,33361,27732,20644,38.1,25.6,12.5,Genuine Deal,4.9,1907,4.5,4.7
PRD_1247,Philips Air Fryer HD9200 - Pro Edition,Flipkart,Home & Kitchen,Kitchen Appliances,10687,9313,10637,0.5,-14.2,14.7,Fake Discount (Hidden Markup),2.7,755,15.7,4.5
PRD_1248,Levi's 511 Slim Jeans - Standard,Amazon,Fashion,Men Apparel,2348,1838,2019,14.0,-9.8,23.8,Fake Discount (Hidden Markup),3.2,76,24.9,4.6
PRD_1249,Milton Thermosteel Bottle - Series 2026,Amazon,Home & Kitchen,Cookware & Dining,602,514,520,13.6,-1.2,14.8,Artificial / Slight Hike,4.0,3043,6.2,4.9
PRD_1250,Minimalist 10% Niacinamide Serum - Series 2026,Flipkart,Beauty & Personal Care,Skincare,653,521,603,7.7,-15.7,23.4,Fake Discount (Hidden Markup),3.3,1878,17.7,3.6
PRD_1251,Milton Thermosteel Bottle - Pro Edition,Amazon,Home & Kitchen,Cookware & Dining,3657,2832,2983,18.4,-5.3,23.7,Fake Discount (Hidden Markup),3.8,331,24.0,4.8
PRD_1252,Minimalist 10% Niacinamide Serum - Plus,Flipkart,Beauty & Personal Care,Skincare,823,709,701,14.8,1.1,13.7,Artificial / Slight Hike,4.6,542,5.3,4.7
PRD_1253,The Derma Co 1% Hyaluronic Sunscreen - Plus,Flipkart,Beauty & Personal Care,Skincare,1040,803,809,22.2,-0.7,22.9,Artificial / Slight Hike,3.9,1101,5.4,3.3
PRD_1254,Prestige Omega Deluxe Granite Cookware - Lite,Flipkart,Home & Kitchen,Cookware & Dining,3578,3069,2127,40.6,30.7,9.9,Genuine Deal,3.7,1804,8.8,3.8
PRD_1255,Nike Air Max SC - Lite,Amazon,Fashion,Footwear,1308,1166,1258,3.8,-7.9,11.7,Fake Discount (Hidden Markup),3.2,1091,20.5,3.3
PRD_1256,OnePlus Bullets Z2 - Ultra,Flipkart,Electronics,Audio & Headphones,9649,8721,6258,35.1,28.2,6.9,Genuine Deal,4.9,1325,4.8,4.5
PRD_1257,Allen Solly Polo T-Shirt - Standard,Flipkart,Fashion,Men Apparel,2972,2673,2321,21.9,13.2,8.7,Genuine Deal,4.0,644,11.0,3.6
PRD_1258,Philips Trimmer BT3231 - Series 2026,Amazon,Beauty & Personal Care,Grooming,2101,1679,1398,33.5,16.7,16.8,Genuine Deal,4.3,1208,5.2,4.0
PRD_1259,IFB 7Kg Front Load Washing Machine - Classic,Amazon,Appliances,Large Appliances,25378,21266,24287,4.3,-14.2,18.5,Fake Discount (Hidden Markup),2.4,734,27.6,3.5
PRD_1260,Milton Thermosteel Bottle - Lite,Flipkart,Home & Kitchen,Cookware & Dining,2931,2357,2558,12.7,-8.5,21.2,Fake Discount (Hidden Markup),3.7,528,15.1,3.8
PRD_1261,Bajaj Mixer Grinder 750W - Classic,Amazon,Home & Kitchen,Kitchen Appliances,8407,7041,7847,6.7,-11.4,18.1,Fake Discount (Hidden Markup),2.9,1871,14.6,4.4
PRD_1262,Morphy Richards Oven Toast - Series 2026,Flipkart,Home & Kitchen,Kitchen Appliances,1608,1301,1440,10.4,-10.7,21.1,Fake Discount (Hidden Markup),2.6,2058,23.3,4.1
PRD_1263,Philips Air Fryer HD9200 - Ultra,Amazon,Home & Kitchen,Kitchen Appliances,8325,6472,4530,45.6,30.0,15.6,Genuine Deal,4.3,189,6.2,4.7
PRD_1264,Voltas 1.5 Ton Split AC - Lite,Flipkart,Appliances,Large Appliances,30230,23782,24156,20.1,-1.6,21.7,Artificial / Slight Hike,4.0,2301,10.5,4.9
PRD_1265,Voltas 1.5 Ton Split AC - Plus,Flipkart,Appliances,Large Appliances,26859,25409,21652,19.4,14.8,4.6,Genuine Deal,4.1,695,10.5,4.7
PRD_1266,Prestige Induction Cooktop - Pro Edition,Flipkart,Home & Kitchen,Kitchen Appliances,5611,4561,4040,28.0,11.4,16.6,Genuine Deal,4.1,1251,10.6,4.3
PRD_1267,Prestige Omega Deluxe Granite Cookware - Ultra,Flipkart,Home & Kitchen,Cookware & Dining,854,763,604,29.3,20.8,8.5,Genuine Deal,4.9,897,3.5,3.5
PRD_1268,Havells Multi-Grooming Kit - Classic,Amazon,Beauty & Personal Care,Grooming,3039,2458,2456,19.2,0.1,19.1,Artificial / Slight Hike,4.1,295,5.1,4.0
PRD_1269,Voltas 1.5 Ton Split AC - Pro Edition,Amazon,Appliances,Large Appliances,39934,36787,37142,7.0,-1.0,8.0,Artificial / Slight Hike,4.8,695,3.5,4.4
PRD_1270,Prestige Induction Cooktop - Standard,Amazon,Home & Kitchen,Kitchen Appliances,7595,6146,4665,38.6,24.1,14.5,Genuine Deal,4.2,1071,8.4,4.1
PRD_1271,Bata Formal Oxford - Classic,Amazon,Fashion,Footwear,2111,1815,1828,13.4,-0.7,14.1,Artificial / Slight Hike,4.8,1795,3.1,4.3
PRD_1272,Philips Trimmer BT3231 - Classic,Amazon,Beauty & Personal Care,Grooming,2018,1539,1483,26.5,3.6,22.9,Artificial / Slight Hike,3.9,1172,8.8,4.5
PRD_1273,Sony WH-1000XM5 - Series 2026,Amazon,Electronics,Audio & Headphones,13253,12344,11913,10.1,3.5,6.6,Artificial / Slight Hike,4.2,703,5.1,4.4
PRD_1274,LG 1.5 Ton 5 Star Inverter AC - Series 2026,Amazon,Appliances,Large Appliances,38579,34782,35286,8.5,-1.4,9.9,Artificial / Slight Hike,3.9,1630,10.0,3.2
PRD_1275,Sennheiser HD 450SE - Series 2026,Flipkart,Electronics,Audio & Headphones,8082,7576,7394,8.5,2.4,6.1,Artificial / Slight Hike,4.4,121,8.4,4.8
PRD_1276,Borosil Glass Lunch Box Set - Lite,Flipkart,Home & Kitchen,Cookware & Dining,2404,2187,2133,11.3,2.5,8.8,Artificial / Slight Hike,4.6,105,7.2,3.8
PRD_1277,Bajaj Mixer Grinder 750W - Classic,Flipkart,Home & Kitchen,Kitchen Appliances,9719,7453,7859,19.1,-5.4,24.5,Fake Discount (Hidden Markup),3.7,2503,18.6,4.3
PRD_1278,Samsung 253L Double Door Refrigerator - Plus,Amazon,Appliances,Large Appliances,25754,20428,20223,21.5,1.0,20.5,Artificial / Slight Hike,4.6,289,7.8,4.2
PRD_1279,Borosil Glass Lunch Box Set - Classic,Flipkart,Home & Kitchen,Cookware & Dining,3175,2756,2768,12.8,-0.4,13.2,Artificial / Slight Hike,3.8,107,4.3,3.5
PRD_1280,Bajaj Mixer Grinder 750W - Plus,Amazon,Home & Kitchen,Kitchen Appliances,5738,4526,3027,47.2,33.1,14.1,Genuine Deal,4.2,373,7.4,4.5
PRD_1281,Google Pixel 8 - Lite,Flipkart,Electronics,Smartphones,81697,72273,55909,31.6,22.6,9.0,Genuine Deal,4.8,149,10.0,3.9
PRD_1282,Prestige Induction Cooktop - Classic,Flipkart,Home & Kitchen,Kitchen Appliances,9658,7867,9138,5.4,-16.2,21.6,Fake Discount (Hidden Markup),3.6,1151,19.0,3.5
PRD_1283,Havells Multi-Grooming Kit - Plus,Amazon,Beauty & Personal Care,Grooming,1565,1449,1303,16.7,10.1,6.6,Genuine Deal,4.5,888,8.9,3.5
PRD_1284,JBL Tune 510BT - Pro Edition,Amazon,Electronics,Audio & Headphones,25710,23799,23443,8.8,1.5,7.3,Artificial / Slight Hike,3.8,467,4.7,3.5
PRD_1285,Borosil Glass Lunch Box Set - Standard,Amazon,Home & Kitchen,Cookware & Dining,3859,3190,3174,17.8,0.5,17.3,Artificial / Slight Hike,4.2,1450,7.3,4.4
PRD_1286,US Polo Assn Casual Shirt - Ultra,Flipkart,Fashion,Men Apparel,3124,2573,2606,16.6,-1.3,17.9,Artificial / Slight Hike,4.4,513,3.9,3.4
PRD_1287,The Derma Co 1% Hyaluronic Sunscreen - Classic,Flipkart,Beauty & Personal Care,Skincare,911,724,833,8.6,-15.1,23.7,Fake Discount (Hidden Markup),3.3,1362,25.7,3.9
PRD_1288,Prestige Omega Deluxe Granite Cookware - Plus,Amazon,Home & Kitchen,Cookware & Dining,3585,2881,2808,21.7,2.5,19.2,Artificial / Slight Hike,4.2,292,10.0,3.4
PRD_1289,Mamaearth Vitamin C Face Wash - Pro Edition,Amazon,Beauty & Personal Care,Skincare,664,566,451,32.1,20.3,11.8,Genuine Deal,4.4,415,3.1,3.6
PRD_1290,IFB 7Kg Front Load Washing Machine - Classic,Flipkart,Appliances,Large Appliances,41320,32246,30991,25.0,3.9,21.1,Artificial / Slight Hike,4.2,5455,7.1,3.6
PRD_1291,Adidas Ultraboost Light - Series 2026,Flipkart,Fashion,Footwear,1584,1273,1244,21.5,2.3,19.2,Artificial / Slight Hike,4.1,75,6.0,3.8
PRD_1292,Prestige Omega Deluxe Granite Cookware - Classic,Amazon,Home & Kitchen,Cookware & Dining,1806,1487,1299,28.1,12.6,15.5,Genuine Deal,3.7,686,7.6,4.1
PRD_1293,Adidas Ultraboost Light - Ultra,Flipkart,Fashion,Footwear,3121,2519,1849,40.8,26.6,14.2,Genuine Deal,4.1,227,6.1,3.6
PRD_1294,Havells Multi-Grooming Kit - Plus,Amazon,Beauty & Personal Care,Grooming,3372,2838,3093,8.3,-9.0,17.3,Fake Discount (Hidden Markup),2.9,605,23.4,4.2
PRD_1295,The Derma Co 1% Hyaluronic Sunscreen - Standard,Flipkart,Beauty & Personal Care,Skincare,1081,870,858,20.6,1.4,19.2,Artificial / Slight Hike,4.4,724,4.1,4.0
PRD_1296,HP Pavilion 15 - Lite,Flipkart,Electronics,Laptops & Tablets,71389,57136,43870,38.5,23.2,15.3,Genuine Deal,4.7,411,6.7,4.3
PRD_1297,Biba Printed Anarkali Kurta - Lite,Amazon,Fashion,Women Apparel,3822,3278,3772,1.3,-15.1,16.4,Fake Discount (Hidden Markup),3.6,215,24.0,3.6
PRD_1298,Cetaphil Gentle Skin Cleanser - Series 2026,Amazon,Beauty & Personal Care,Skincare,1041,857,987,5.2,-15.2,20.4,Fake Discount (Hidden Markup),3.0,886,15.2,4.5
PRD_1299,Havells Multi-Grooming Kit - Pro Edition,Flipkart,Beauty & Personal Care,Grooming,3069,2416,2324,24.3,3.8,20.5,Artificial / Slight Hike,4.7,3273,10.2,4.6
PRD_1300,Bajaj Mixer Grinder 750W - Series 2026,Amazon,Home & Kitchen,Kitchen Appliances,6926,6158,4062,41.4,34.0,7.4,Genuine Deal,4.8,645,9.8,3.2
PRD_1301,The Derma Co 1% Hyaluronic Sunscreen - Standard,Amazon,Beauty & Personal Care,Skincare,315,241,241,23.5,0.0,23.5,Artificial / Slight Hike,3.8,26,7.1,4.8
PRD_1302,Braun Series 3 Shaver - Classic,Amazon,Beauty & Personal Care,Grooming,1101,905,886,19.5,2.1,17.4,Artificial / Slight Hike,3.8,1031,7.6,4.7
PRD_1303,Zara Floral Dress - Ultra,Flipkart,Fashion,Women Apparel,3105,2658,2632,15.2,1.0,14.2,Artificial / Slight Hike,4.7,3394,6.7,4.1
PRD_1304,Braun Series 3 Shaver - Lite,Flipkart,Beauty & Personal Care,Grooming,3404,3158,3354,1.5,-6.2,7.7,Fake Discount (Hidden Markup),2.2,4411,22.3,3.3
PRD_1305,Dell Inspiron 3520 - Classic,Flipkart,Electronics,Laptops & Tablets,41658,33700,33023,20.7,2.0,18.7,Artificial / Slight Hike,4.7,43,4.4,4.5
PRD_1306,Morphy Richards Oven Toast - Standard,Amazon,Home & Kitchen,Kitchen Appliances,8014,6154,5924,26.1,3.7,22.4,Artificial / Slight Hike,4.7,2173,7.7,4.3
PRD_1307,Borosil Glass Lunch Box Set - Standard,Amazon,Home & Kitchen,Cookware & Dining,2959,2771,1859,37.2,32.9,4.3,Genuine Deal,4.4,1428,5.0,4.2
PRD_1308,Morphy Richards Oven Toast - Series 2026,Amazon,Home & Kitchen,Kitchen Appliances,8505,7592,8455,0.6,-11.4,12.0,Fake Discount (Hidden Markup),2.2,1189,26.4,4.9
PRD_1309,Havells Multi-Grooming Kit - Plus,Amazon,Beauty & Personal Care,Grooming,1907,1645,1205,36.8,26.7,10.1,Genuine Deal,4.8,983,5.4,4.5
PRD_1310,US Polo Assn Casual Shirt - Plus,Amazon,Fashion,Men Apparel,760,578,456,40.0,21.1,18.9,Genuine Deal,4.3,237,10.9,3.4
PRD_1311,Milton Thermosteel Bottle - Standard,Flipkart,Home & Kitchen,Cookware & Dining,571,448,363,36.4,19.0,17.4,Genuine Deal,4.0,243,10.8,4.7
PRD_1312,Levi's Women Skinny Jeans - Series 2026,Amazon,Fashion,Women Apparel,2840,2241,1691,40.5,24.5,16.0,Genuine Deal,4.3,1193,4.2,3.7
PRD_1313,Samsung Galaxy S23 - Classic,Amazon,Electronics,Smartphones,65063,58141,49554,23.8,14.8,9.0,Genuine Deal,4.1,5780,7.4,4.3
PRD_1314,Cetaphil Gentle Skin Cleanser - Classic,Amazon,Beauty & Personal Care,Skincare,1146,1085,1076,6.1,0.8,5.3,Artificial / Slight Hike,4.5,1414,7.5,4.3
PRD_1315,Levi's Women Skinny Jeans - Plus,Flipkart,Fashion,Women Apparel,2281,1932,2231,2.2,-15.5,17.7,Fake Discount (Hidden Markup),3.7,1619,20.2,4.1
PRD_1316,Voltas 1.5 Ton Split AC - Lite,Amazon,Appliances,Large Appliances,46240,37069,32142,30.5,13.3,17.2,Genuine Deal,4.7,2331,4.3,4.0
PRD_1317,Braun Series 3 Shaver - Standard,Amazon,Beauty & Personal Care,Grooming,1314,1149,1261,4.0,-9.7,13.7,Fake Discount (Hidden Markup),2.3,2258,20.9,4.6
PRD_1318,Apple Watch SE - Lite,Flipkart,Electronics,Smartwatches,8155,6321,5272,35.4,16.6,18.8,Genuine Deal,3.6,1907,10.0,4.3
PRD_1319,LG 1.5 Ton 5 Star Inverter AC - Classic,Flipkart,Appliances,Large Appliances,31131,28990,27968,10.2,3.5,6.7,Artificial / Slight Hike,3.7,299,5.3,3.6
PRD_1320,Cetaphil Gentle Skin Cleanser - Classic,Amazon,Beauty & Personal Care,Skincare,932,770,859,7.8,-11.6,19.4,Fake Discount (Hidden Markup),3.5,585,27.0,4.4
PRD_1321,Prestige Induction Cooktop - Ultra,Amazon,Home & Kitchen,Kitchen Appliances,1931,1584,1160,39.9,26.8,13.1,Genuine Deal,4.2,178,9.2,4.3
PRD_1322,HP Pavilion 15 - Standard,Amazon,Electronics,Laptops & Tablets,94765,74940,80786,14.8,-7.8,22.6,Fake Discount (Hidden Markup),2.8,1801,19.5,4.8
PRD_1323,Milton Thermosteel Bottle - Series 2026,Flipkart,Home & Kitchen,Cookware & Dining,3305,2880,3070,7.1,-6.6,13.7,Fake Discount (Hidden Markup),3.6,1377,15.8,4.2
PRD_1324,Levi's 511 Slim Jeans - Ultra,Flipkart,Fashion,Men Apparel,2997,2532,2735,8.7,-8.0,16.7,Fake Discount (Hidden Markup),2.8,3928,12.5,4.3
PRD_1325,IFB 7Kg Front Load Washing Machine - Classic,Amazon,Appliances,Large Appliances,38987,35538,26479,32.1,25.5,6.6,Genuine Deal,4.4,537,7.1,4.8
PRD_1326,Havells Multi-Grooming Kit - Classic,Amazon,Beauty & Personal Care,Grooming,2948,2433,2653,10.0,-9.0,19.0,Fake Discount (Hidden Markup),2.8,721,13.3,3.6
PRD_1327,Samsung Galaxy Watch 6 - Pro Edition,Amazon,Electronics,Smartwatches,29823,27963,24028,19.4,14.1,5.3,Genuine Deal,4.4,4153,4.2,4.0
PRD_1328,Allen Solly Polo T-Shirt - Pro Edition,Amazon,Fashion,Men Apparel,3223,2644,2262,29.8,14.4,15.4,Genuine Deal,4.0,3427,3.9,4.5
PRD_1329,Redmi Note 13 Pro - Pro Edition,Flipkart,Electronics,Smartphones,65198,50774,36081,44.7,28.9,15.8,Genuine Deal,4.0,155,5.4,3.9
PRD_1330,Milton Thermosteel Bottle - Classic,Flipkart,Home & Kitchen,Cookware & Dining,3520,2764,2151,38.9,22.2,16.7,Genuine Deal,3.8,3612,8.5,3.4
PRD_1331,Apple iPhone 15 - Pro Edition,Flipkart,Electronics,Smartphones,53268,40990,29379,44.8,28.3,16.5,Genuine Deal,4.5,2084,10.5,4.2
PRD_1332,Prestige Omega Deluxe Granite Cookware - Pro Edition,Flipkart,Home & Kitchen,Cookware & Dining,1643,1557,1593,3.0,-2.3,5.3,Fake Discount (Hidden Markup),2.3,768,21.2,3.4
PRD_1333,Minimalist 10% Niacinamide Serum - Series 2026,Amazon,Beauty & Personal Care,Skincare,835,669,491,41.2,26.6,14.6,Genuine Deal,4.3,247,3.8,4.2
PRD_1334,The Derma Co 1% Hyaluronic Sunscreen - Plus,Amazon,Beauty & Personal Care,Skincare,1185,1064,1135,4.2,-6.7,10.9,Fake Discount (Hidden Markup),2.8,85,12.8,4.4
PRD_1335,Minimalist 10% Niacinamide Serum - Classic,Amazon,Beauty & Personal Care,Skincare,424,344,374,11.8,-8.7,20.5,Fake Discount (Hidden Markup),2.3,1915,26.3,3.5
PRD_1336,Nike Air Max SC - Standard,Amazon,Fashion,Footwear,6026,5143,5548,7.9,-7.9,15.8,Fake Discount (Hidden Markup),2.9,2102,24.9,3.9
PRD_1337,Braun Series 3 Shaver - Plus,Flipkart,Beauty & Personal Care,Grooming,1244,949,937,24.7,1.3,23.4,Artificial / Slight Hike,3.6,648,6.8,3.5
PRD_1338,Nike Air Max SC - Standard,Amazon,Fashion,Footwear,10262,9289,7170,30.1,22.8,7.3,Genuine Deal,4.6,1438,3.4,4.3
PRD_1339,Prestige Omega Deluxe Granite Cookware - Plus,Flipkart,Home & Kitchen,Cookware & Dining,3351,2773,2318,30.8,16.4,14.4,Genuine Deal,3.7,659,5.8,4.3
PRD_1340,Voltas 1.5 Ton Split AC - Series 2026,Flipkart,Appliances,Large Appliances,22758,17490,14778,35.1,15.5,19.6,Genuine Deal,4.3,140,8.7,3.7
PRD_1341,Fastrack Limitless FS1 - Pro Edition,Flipkart,Electronics,Smartwatches,28528,21770,24656,13.6,-13.3,26.9,Fake Discount (Hidden Markup),3.4,1695,18.5,4.1
PRD_1342,Cetaphil Gentle Skin Cleanser - Pro Edition,Amazon,Beauty & Personal Care,Skincare,1042,959,992,4.8,-3.4,8.2,Fake Discount (Hidden Markup),3.8,591,18.9,4.8
PRD_1343,Zara Floral Dress - Pro Edition,Flipkart,Fashion,Women Apparel,2653,2356,2357,11.2,-0.0,11.2,Artificial / Slight Hike,3.7,27,5.2,4.9
PRD_1344,LG 1.5 Ton 5 Star Inverter AC - Classic,Flipkart,Appliances,Large Appliances,27483,21397,23692,13.8,-10.7,24.5,Fake Discount (Hidden Markup),2.4,1179,18.1,4.0
PRD_1345,Dell Inspiron 3520 - Lite,Flipkart,Electronics,Laptops & Tablets,59877,51721,43987,26.5,15.0,11.5,Genuine Deal,3.7,673,10.1,4.0
PRD_1346,MacBook Air M2 - Ultra,Amazon,Electronics,Laptops & Tablets,66752,57510,65800,1.4,-14.4,15.8,Fake Discount (Hidden Markup),3.5,1981,17.4,3.3
PRD_1347,US Polo Assn Casual Shirt - Series 2026,Amazon,Fashion,Men Apparel,668,523,558,16.5,-6.7,23.2,Fake Discount (Hidden Markup),2.6,3151,25.9,3.9
PRD_1348,Milton Thermosteel Bottle - Series 2026,Amazon,Home & Kitchen,Cookware & Dining,1875,1770,1804,3.8,-1.9,5.7,Artificial / Slight Hike,4.6,69,5.5,4.2
PRD_1349,US Polo Assn Casual Shirt - Series 2026,Flipkart,Fashion,Men Apparel,2657,2379,2607,1.9,-9.6,11.5,Fake Discount (Hidden Markup),3.2,686,12.8,4.6
PRD_1350,Cetaphil Gentle Skin Cleanser - Plus,Flipkart,Beauty & Personal Care,Skincare,1035,790,622,39.9,21.3,18.6,Genuine Deal,4.0,124,10.0,3.6
PRD_1351,Philips Trimmer BT3231 - Ultra,Amazon,Beauty & Personal Care,Grooming,3009,2567,2533,15.8,1.3,14.5,Artificial / Slight Hike,3.9,441,4.7,4.7
PRD_1352,Noise Two Wireless - Pro Edition,Amazon,Electronics,Audio & Headphones,12555,10220,9109,27.4,10.9,16.5,Genuine Deal,4.1,277,8.6,4.3
PRD_1353,Voltas 1.5 Ton Split AC - Lite,Amazon,Appliances,Large Appliances,29729,26875,27024,9.1,-0.6,9.7,Artificial / Slight Hike,4.5,1361,9.6,4.6
PRD_1354,IFB 7Kg Front Load Washing Machine - Standard,Amazon,Appliances,Large Appliances,35913,33528,21879,39.1,34.7,4.4,Genuine Deal,3.6,862,6.6,3.4
PRD_1355,Philips Air Fryer HD9200 - Ultra,Flipkart,Home & Kitchen,Kitchen Appliances,7560,5692,6298,16.7,-10.6,27.3,Fake Discount (Hidden Markup),3.0,1333,21.9,4.1
PRD_1356,Mamaearth Vitamin C Face Wash - Classic,Flipkart,Beauty & Personal Care,Skincare,416,386,381,8.4,1.3,7.1,Artificial / Slight Hike,3.9,833,6.8,3.5
PRD_1357,Braun Series 3 Shaver - Pro Edition,Flipkart,Beauty & Personal Care,Grooming,2647,2243,1857,29.8,17.2,12.6,Genuine Deal,3.7,194,10.7,3.5
PRD_1358,Puma Smash v2 - Plus,Flipkart,Fashion,Footwear,815,712,637,21.8,10.5,11.3,Genuine Deal,4.2,489,10.5,4.3
PRD_1359,Philips Trimmer BT3231 - Standard,Amazon,Beauty & Personal Care,Grooming,1253,1014,659,47.4,35.0,12.4,Genuine Deal,3.8,655,7.8,3.4
PRD_1360,Puma Smash v2 - Plus,Flipkart,Fashion,Footwear,6206,4930,4814,22.4,2.4,20.0,Artificial / Slight Hike,4.2,1984,8.1,3.9
PRD_1361,Philips Trimmer BT3231 - Lite,Flipkart,Beauty & Personal Care,Grooming,2350,2199,1648,29.9,25.1,4.8,Genuine Deal,4.0,646,10.3,3.4
PRD_1362,Samsung 253L Double Door Refrigerator - Standard,Flipkart,Appliances,Large Appliances,42404,31850,31898,24.8,-0.2,25.0,Artificial / Slight Hike,4.7,1064,7.9,3.6
PRD_1363,Morphy Richards Oven Toast - Ultra,Amazon,Home & Kitchen,Kitchen Appliances,7520,6251,4487,40.3,28.2,12.1,Genuine Deal,4.0,995,8.3,3.8
PRD_1364,LG 1.5 Ton 5 Star Inverter AC - Classic,Amazon,Appliances,Large Appliances,33977,28887,19540,42.5,32.4,10.1,Genuine Deal,4.4,445,5.3,4.7
PRD_1365,Morphy Richards Oven Toast - Series 2026,Amazon,Home & Kitchen,Kitchen Appliances,2908,2709,2858,1.7,-5.5,7.2,Fake Discount (Hidden Markup),3.7,986,26.4,4.6
PRD_1366,Sparx Running Shoes - Plus,Amazon,Fashion,Footwear,3328,2902,2936,11.8,-1.2,13.0,Artificial / Slight Hike,3.7,4536,9.6,3.9
PRD_1367,Prestige Omega Deluxe Granite Cookware - Series 2026,Flipkart,Home & Kitchen,Cookware & Dining,3343,2957,2363,29.3,20.1,9.2,Genuine Deal,4.5,474,8.5,3.4
PRD_1368,Bajaj Mixer Grinder 750W - Plus,Amazon,Home & Kitchen,Kitchen Appliances,8087,6549,7619,5.8,-16.3,22.1,Fake Discount (Hidden Markup),3.1,1178,23.7,3.5
PRD_1369,Voltas 1.5 Ton Split AC - Lite,Amazon,Appliances,Large Appliances,38044,29674,25775,32.2,13.1,19.1,Genuine Deal,4.9,801,3.9,4.2
PRD_1370,Voltas 1.5 Ton Split AC - Series 2026,Amazon,Appliances,Large Appliances,43642,32945,33472,23.3,-1.6,24.9,Artificial / Slight Hike,3.7,3255,5.4,4.1
PRD_1371,Samsung 253L Double Door Refrigerator - Classic,Amazon,Appliances,Large Appliances,37954,29240,32918,13.3,-12.6,25.9,Fake Discount (Hidden Markup),3.6,1249,17.8,4.0
PRD_1372,Allen Solly Polo T-Shirt - Plus,Flipkart,Fashion,Men Apparel,1640,1259,1033,37.0,18.0,19.0,Genuine Deal,3.7,1473,9.1,3.8
PRD_1373,Milton Thermosteel Bottle - Lite,Amazon,Home & Kitchen,Cookware & Dining,2089,1812,1961,6.1,-8.2,14.3,Fake Discount (Hidden Markup),2.3,4201,21.4,3.8
PRD_1374,Morphy Richards Oven Toast - Standard,Amazon,Home & Kitchen,Kitchen Appliances,3038,2486,2756,9.3,-10.9,20.2,Fake Discount (Hidden Markup),2.8,166,18.4,4.7
PRD_1375,Levi's Women Skinny Jeans - Ultra,Amazon,Fashion,Women Apparel,2379,1951,1359,42.9,30.3,12.6,Genuine Deal,4.8,3729,8.2,3.5
PRD_1376,Havells Multi-Grooming Kit - Series 2026,Flipkart,Beauty & Personal Care,Grooming,1880,1738,1493,20.6,14.1,6.5,Genuine Deal,4.6,92,4.7,4.1
PRD_1377,OnePlus 12R - Ultra,Flipkart,Electronics,Smartphones,32798,29219,28614,12.8,2.1,10.7,Artificial / Slight Hike,4.4,246,4.2,4.7
PRD_1378,Bajaj Mixer Grinder 750W - Plus,Flipkart,Home & Kitchen,Kitchen Appliances,7336,6200,4851,33.9,21.8,12.1,Genuine Deal,4.3,474,4.6,4.5
PRD_1379,Samsung 253L Double Door Refrigerator - Pro Edition,Amazon,Appliances,Large Appliances,29203,22247,15155,48.1,31.9,16.2,Genuine Deal,4.9,1556,4.4,3.3
PRD_1380,Braun Series 3 Shaver - Standard,Flipkart,Beauty & Personal Care,Grooming,3614,2947,2862,20.8,2.9,17.9,Artificial / Slight Hike,4.8,4876,3.2,3.3
PRD_1381,Fastrack Limitless FS1 - Lite,Flipkart,Electronics,Smartwatches,20116,19013,16507,17.9,13.2,4.7,Genuine Deal,3.8,1693,6.7,4.7
PRD_1382,Zara Floral Dress - Series 2026,Amazon,Fashion,Women Apparel,2934,2580,2884,1.7,-11.8,13.5,Fake Discount (Hidden Markup),3.8,1861,22.1,4.2
PRD_1383,Voltas 1.5 Ton Split AC - Plus,Amazon,Appliances,Large Appliances,22372,19113,13285,40.6,30.5,10.1,Genuine Deal,4.7,419,9.3,4.6
PRD_1384,Levi's Women Skinny Jeans - Ultra,Flipkart,Fashion,Women Apparel,746,687,690,7.5,-0.4,7.9,Artificial / Slight Hike,4.4,2335,6.1,4.8
PRD_1385,Zara Floral Dress - Series 2026,Amazon,Fashion,Women Apparel,935,874,861,7.9,1.5,6.4,Artificial / Slight Hike,4.7,3876,7.5,3.3
PRD_1386,Nike Air Max SC - Ultra,Flipkart,Fashion,Footwear,5853,5173,5135,12.3,0.7,11.6,Artificial / Slight Hike,4.2,4984,10.5,4.6
PRD_1387,HP Pavilion 15 - Lite,Flipkart,Electronics,Laptops & Tablets,94317,76692,81947,13.1,-6.9,20.0,Fake Discount (Hidden Markup),2.9,115,20.9,3.2
PRD_1388,Borosil Glass Lunch Box Set - Lite,Flipkart,Home & Kitchen,Cookware & Dining,1947,1595,1624,16.6,-1.8,18.4,Artificial / Slight Hike,4.9,4143,3.3,4.1
PRD_1389,Minimalist 10% Niacinamide Serum - Classic,Flipkart,Beauty & Personal Care,Skincare,345,285,214,38.0,24.9,13.1,Genuine Deal,3.7,1845,5.7,3.9
PRD_1390,Bajaj Mixer Grinder 750W - Lite,Flipkart,Home & Kitchen,Kitchen Appliances,3786,2934,3166,16.4,-7.9,24.3,Fake Discount (Hidden Markup),2.9,4612,18.6,3.5
PRD_1391,Zara Floral Dress - Plus,Amazon,Fashion,Women Apparel,3479,3046,3094,11.1,-1.6,12.7,Artificial / Slight Hike,3.8,2670,10.7,4.3
PRD_1392,Braun Series 3 Shaver - Plus,Flipkart,Beauty & Personal Care,Grooming,3789,3497,3483,8.1,0.4,7.7,Artificial / Slight Hike,3.8,3597,4.3,4.7
PRD_1393,Apple iPhone 15 - Standard,Amazon,Electronics,Smartphones,39880,32548,32381,18.8,0.5,18.3,Artificial / Slight Hike,4.1,1048,7.8,3.5
PRD_1394,Morphy Richards Oven Toast - Pro Edition,Amazon,Home & Kitchen,Kitchen Appliances,2156,1691,1321,38.7,21.9,16.8,Genuine Deal,3.7,501,8.6,4.5
PRD_1395,Philips Trimmer BT3231 - Ultra,Flipkart,Beauty & Personal Care,Grooming,2177,1929,2040,6.3,-5.8,12.1,Fake Discount (Hidden Markup),3.5,481,14.9,3.9
PRD_1396,Havells Multi-Grooming Kit - Ultra,Amazon,Beauty & Personal Care,Grooming,1824,1694,1281,29.8,24.4,5.4,Genuine Deal,3.7,1523,3.2,3.8
PRD_1397,Milton Thermosteel Bottle - Plus,Amazon,Home & Kitchen,Cookware & Dining,1464,1246,938,35.9,24.7,11.2,Genuine Deal,4.0,2002,8.0,4.2
PRD_1398,Samsung Galaxy S23 - Series 2026,Flipkart,Electronics,Smartphones,26523,24235,26473,0.2,-9.2,9.4,Fake Discount (Hidden Markup),3.0,1088,21.5,3.3
PRD_1399,Bajaj Mixer Grinder 750W - Pro Edition,Amazon,Home & Kitchen,Kitchen Appliances,8840,7134,7270,17.8,-1.9,19.7,Artificial / Slight Hike,4.1,608,7.8,4.7
PRD_1400,Adidas Ultraboost Light - Classic,Amazon,Fashion,Footwear,10725,9205,9022,15.9,2.0,13.9,Artificial / Slight Hike,4.5,6970,10.5,4.4
PRD_1401,Borosil Glass Lunch Box Set - Standard,Flipkart,Home & Kitchen,Cookware & Dining,699,644,434,37.9,32.6,5.3,Genuine Deal,3.6,665,4.7,3.8
PRD_1402,MacBook Air M2 - Standard,Flipkart,Electronics,Laptops & Tablets,56694,51481,56644,0.1,-10.0,10.1,Fake Discount (Hidden Markup),4.0,1847,16.9,4.5
PRD_1403,Biba Printed Anarkali Kurta - Ultra,Flipkart,Fashion,Women Apparel,3252,2615,2634,19.0,-0.7,19.7,Artificial / Slight Hike,4.3,689,5.5,4.3
PRD_1404,Borosil Glass Lunch Box Set - Plus,Amazon,Home & Kitchen,Cookware & Dining,1442,1312,1392,3.5,-6.1,9.6,Fake Discount (Hidden Markup),2.8,2747,24.0,4.6
PRD_1405,IFB 7Kg Front Load Washing Machine - Standard,Amazon,Appliances,Large Appliances,30820,28894,29282,5.0,-1.3,6.3,Artificial / Slight Hike,3.9,2005,5.5,4.7
PRD_1406,Mamaearth Vitamin C Face Wash - Pro Edition,Amazon,Beauty & Personal Care,Skincare,988,909,875,11.4,3.7,7.7,Artificial / Slight Hike,4.5,853,5.7,4.3
PRD_1407,Prestige Omega Deluxe Granite Cookware - Plus,Flipkart,Home & Kitchen,Cookware & Dining,3308,2572,1702,48.5,33.8,14.7,Genuine Deal,4.0,1692,8.3,4.6
PRD_1408,Philips Air Fryer HD9200 - Ultra,Amazon,Home & Kitchen,Kitchen Appliances,8197,6570,6601,19.5,-0.5,20.0,Artificial / Slight Hike,4.7,86,4.4,4.4
PRD_1409,IFB 7Kg Front Load Washing Machine - Classic,Flipkart,Appliances,Large Appliances,43334,35302,35156,18.9,0.4,18.5,Artificial / Slight Hike,4.4,798,5.5,4.5
PRD_1410,Borosil Glass Lunch Box Set - Standard,Amazon,Home & Kitchen,Cookware & Dining,1907,1632,1574,17.5,3.6,13.9,Artificial / Slight Hike,3.8,199,5.4,4.2
PRD_1411,Levi's Women Skinny Jeans - Standard,Flipkart,Fashion,Women Apparel,2029,1577,1145,43.6,27.4,16.2,Genuine Deal,4.4,190,9.9,4.9
PRD_1412,LG 1.5 Ton 5 Star Inverter AC - Ultra,Amazon,Appliances,Large Appliances,47370,41504,33783,28.7,18.6,10.1,Genuine Deal,4.3,2563,6.5,4.1
PRD_1413,Prestige Omega Deluxe Granite Cookware - Classic,Flipkart,Home & Kitchen,Cookware & Dining,2079,1613,1599,23.1,0.9,22.2,Artificial / Slight Hike,4.1,2725,9.5,4.7
PRD_1414,Morphy Richards Oven Toast - Pro Edition,Amazon,Home & Kitchen,Kitchen Appliances,1937,1479,1442,25.6,2.5,23.1,Artificial / Slight Hike,4.0,380,9.8,3.2
PRD_1415,Philips Trimmer BT3231 - Ultra,Flipkart,Beauty & Personal Care,Grooming,3400,3158,3123,8.1,1.1,7.0,Artificial / Slight Hike,4.0,1697,9.6,4.4
PRD_1416,Apple Watch SE - Classic,Flipkart,Electronics,Smartwatches,5133,4350,3507,31.7,19.4,12.3,Genuine Deal,4.4,160,8.7,3.3
PRD_1417,W for Woman Straight Kurti - Pro Edition,Flipkart,Fashion,Women Apparel,1743,1438,1131,35.1,21.3,13.8,Genuine Deal,4.6,2045,8.5,4.7
PRD_1418,Prestige Omega Deluxe Granite Cookware - Pro Edition,Flipkart,Home & Kitchen,Cookware & Dining,2112,1588,1525,27.8,4.0,23.8,Artificial / Slight Hike,4.6,947,5.0,4.9
PRD_1419,Philips Air Fryer HD9200 - Pro Edition,Amazon,Home & Kitchen,Kitchen Appliances,4783,4537,4563,4.6,-0.6,5.2,Artificial / Slight Hike,4.7,2128,5.7,3.2
PRD_1420,OnePlus 12R - Standard,Amazon,Electronics,Smartphones,53888,48053,47927,11.1,0.3,10.8,Artificial / Slight Hike,4.7,834,10.2,3.8
PRD_1421,W for Woman Straight Kurti - Classic,Flipkart,Fashion,Women Apparel,1895,1544,1805,4.7,-16.9,21.6,Fake Discount (Hidden Markup),3.5,493,16.5,3.2
PRD_1422,ASUS Vivobook 15 - Ultra,Amazon,Electronics,Laptops & Tablets,37712,34530,33691,10.7,2.4,8.3,Artificial / Slight Hike,3.8,811,6.5,3.6
PRD_1423,Samsung 253L Double Door Refrigerator - Series 2026,Amazon,Appliances,Large Appliances,22373,17661,19935,10.9,-12.9,23.8,Fake Discount (Hidden Markup),3.1,3676,26.1,4.5
PRD_1424,Prestige Omega Deluxe Granite Cookware - Pro Edition,Amazon,Home & Kitchen,Cookware & Dining,1586,1347,1536,3.2,-14.0,17.2,Fake Discount (Hidden Markup),3.4,970,14.5,3.3
PRD_1425,Mamaearth Vitamin C Face Wash - Lite,Amazon,Beauty & Personal Care,Skincare,546,414,453,17.0,-9.4,26.4,Fake Discount (Hidden Markup),2.2,617,14.9,4.8
PRD_1426,Sparx Running Shoes - Pro Edition,Flipkart,Fashion,Footwear,9401,7749,7694,18.2,0.7,17.5,Artificial / Slight Hike,4.3,2118,9.0,4.4
PRD_1427,Realme Narzo 60 - Standard,Flipkart,Electronics,Smartphones,61998,47412,46013,25.8,3.0,22.8,Artificial / Slight Hike,4.5,352,7.4,3.9
PRD_1428,Zara Floral Dress - Plus,Amazon,Fashion,Women Apparel,2983,2418,1678,43.7,30.6,13.1,Genuine Deal,3.9,1956,6.8,3.5
PRD_1429,Minimalist 10% Niacinamide Serum - Lite,Amazon,Beauty & Personal Care,Skincare,671,627,607,9.5,3.2,6.3,Artificial / Slight Hike,4.5,129,5.9,3.5
PRD_1430,Realme Narzo 60 - Classic,Flipkart,Electronics,Smartphones,15423,13159,10830,29.8,17.7,12.1,Genuine Deal,4.8,4071,4.3,3.5
PRD_1431,Braun Series 3 Shaver - Ultra,Amazon,Beauty & Personal Care,Grooming,2506,2112,1813,27.7,14.2,13.5,Genuine Deal,4.8,578,5.6,4.5
PRD_1432,Zara Floral Dress - Lite,Amazon,Fashion,Women Apparel,4047,3804,2981,26.3,21.6,4.7,Genuine Deal,3.9,3039,9.0,3.9
PRD_1433,LG 1.5 Ton 5 Star Inverter AC - Pro Edition,Flipkart,Appliances,Large Appliances,43564,39727,43514,0.1,-9.5,9.6,Fake Discount (Hidden Markup),2.7,469,18.9,4.4
PRD_1434,Zara Floral Dress - Plus,Amazon,Fashion,Women Apparel,3706,3074,2348,36.6,23.6,13.0,Genuine Deal,3.7,728,9.0,3.2
PRD_1435,Bata Formal Oxford - Standard,Amazon,Fashion,Footwear,7909,7218,7126,9.9,1.3,8.6,Artificial / Slight Hike,3.9,1676,5.3,4.0
PRD_1436,Voltas 1.5 Ton Split AC - Ultra,Flipkart,Appliances,Large Appliances,32290,26715,29091,9.9,-8.9,18.8,Fake Discount (Hidden Markup),4.0,1175,20.6,4.4
PRD_1437,Havells Multi-Grooming Kit - Pro Edition,Flipkart,Beauty & Personal Care,Grooming,3734,3366,3263,12.6,3.1,9.5,Artificial / Slight Hike,4.3,1582,4.2,4.2
PRD_1438,Van Heusen Formal Shirt - Series 2026,Amazon,Fashion,Men Apparel,1590,1304,881,44.6,32.4,12.2,Genuine Deal,3.8,2049,5.6,4.2
PRD_1439,Borosil Glass Lunch Box Set - Ultra,Flipkart,Home & Kitchen,Cookware & Dining,808,642,689,14.7,-7.3,22.0,Fake Discount (Hidden Markup),3.0,1491,14.6,4.1
PRD_1440,Philips Trimmer BT3231 - Pro Edition,Flipkart,Beauty & Personal Care,Grooming,1020,903,874,14.3,3.2,11.1,Artificial / Slight Hike,4.5,3692,6.5,4.4
PRD_1441,IFB 7Kg Front Load Washing Machine - Standard,Flipkart,Appliances,Large Appliances,35837,28156,19766,44.8,29.8,15.0,Genuine Deal,4.7,90,6.9,3.5
PRD_1442,Philips Trimmer BT3231 - Plus,Amazon,Beauty & Personal Care,Grooming,2589,2395,1723,33.4,28.1,5.3,Genuine Deal,3.8,821,5.6,3.2
PRD_1443,US Polo Assn Casual Shirt - Plus,Amazon,Fashion,Men Apparel,2106,1917,2056,2.4,-7.3,9.7,Fake Discount (Hidden Markup),2.3,1308,19.0,3.9
PRD_1444,Havells Multi-Grooming Kit - Standard,Flipkart,Beauty & Personal Care,Grooming,3605,2759,2759,23.5,0.0,23.5,Artificial / Slight Hike,4.6,792,3.3,3.8
PRD_1445,Levi's 511 Slim Jeans - Series 2026,Amazon,Fashion,Men Apparel,2747,2343,1539,44.0,34.3,9.7,Genuine Deal,4.3,343,7.9,4.0
PRD_1446,LG 1.5 Ton 5 Star Inverter AC - Plus,Amazon,Appliances,Large Appliances,43774,39485,30552,30.2,22.6,7.6,Genuine Deal,4.6,1051,3.5,3.4
PRD_1447,Voltas 1.5 Ton Split AC - Standard,Flipkart,Appliances,Large Appliances,31954,25760,24816,22.3,3.7,18.6,Artificial / Slight Hike,3.9,619,3.8,4.2
PRD_1448,Havells Multi-Grooming Kit - Standard,Amazon,Beauty & Personal Care,Grooming,1915,1582,1708,10.8,-8.0,18.8,Fake Discount (Hidden Markup),2.9,2455,27.9,4.2
PRD_1449,Philips Trimmer BT3231 - Plus,Amazon,Beauty & Personal Care,Grooming,3359,2730,2319,31.0,15.1,15.9,Genuine Deal,3.9,140,4.4,3.9
PRD_1450,Sparx Running Shoes - Pro Edition,Flipkart,Fashion,Footwear,6919,6227,4277,38.2,31.3,6.9,Genuine Deal,4.3,145,7.1,3.2
PRD_1451,The Derma Co 1% Hyaluronic Sunscreen - Plus,Flipkart,Beauty & Personal Care,Skincare,371,301,321,13.5,-6.6,20.1,Fake Discount (Hidden Markup),2.4,1764,21.3,3.9
PRD_1452,The Derma Co 1% Hyaluronic Sunscreen - Plus,Amazon,Beauty & Personal Care,Skincare,861,795,675,21.6,15.1,6.5,Genuine Deal,4.8,1373,9.1,3.7
PRD_1453,Philips Trimmer BT3231 - Plus,Amazon,Beauty & Personal Care,Grooming,1554,1284,1050,32.4,18.2,14.2,Genuine Deal,4.2,5032,4.2,3.6
PRD_1454,Cetaphil Gentle Skin Cleanser - Lite,Amazon,Beauty & Personal Care,Skincare,318,299,290,8.8,3.0,5.8,Artificial / Slight Hike,4.8,947,3.7,4.8
PRD_1455,Prestige Induction Cooktop - Standard,Flipkart,Home & Kitchen,Kitchen Appliances,3275,2819,2737,16.4,2.9,13.5,Artificial / Slight Hike,3.7,1208,6.4,3.6
PRD_1456,Braun Series 3 Shaver - Pro Edition,Amazon,Beauty & Personal Care,Grooming,994,897,717,27.9,20.1,7.8,Genuine Deal,3.9,3729,4.6,4.8
PRD_1457,LG 1.5 Ton 5 Star Inverter AC - Lite,Flipkart,Appliances,Large Appliances,31807,25115,24306,23.6,3.2,20.4,Artificial / Slight Hike,3.8,316,10.6,3.8
PRD_1458,LG 1.5 Ton 5 Star Inverter AC - Classic,Amazon,Appliances,Large Appliances,25466,22957,15356,39.7,33.1,6.6,Genuine Deal,3.9,573,5.3,4.3
PRD_1459,Morphy Richards Oven Toast - Series 2026,Amazon,Home & Kitchen,Kitchen Appliances,6983,5692,4640,33.6,18.5,15.1,Genuine Deal,4.6,418,3.6,4.2
PRD_1460,Lenovo IdeaPad Slim 3 - Series 2026,Amazon,Electronics,Laptops & Tablets,62626,48097,47379,24.3,1.5,22.8,Artificial / Slight Hike,4.6,752,9.9,4.0
PRD_1461,IFB 7Kg Front Load Washing Machine - Standard,Amazon,Appliances,Large Appliances,39917,31026,34298,14.1,-10.5,24.6,Fake Discount (Hidden Markup),2.3,1577,12.5,4.7
PRD_1462,Braun Series 3 Shaver - Lite,Amazon,Beauty & Personal Care,Grooming,3718,3150,2465,33.7,21.7,12.0,Genuine Deal,4.7,276,5.4,3.4
PRD_1463,IFB 7Kg Front Load Washing Machine - Ultra,Amazon,Appliances,Large Appliances,27236,25822,20813,23.6,19.4,4.2,Genuine Deal,4.7,752,3.1,3.8
PRD_1464,Allen Solly Polo T-Shirt - Standard,Amazon,Fashion,Men Apparel,1620,1310,1326,18.1,-1.2,19.3,Artificial / Slight Hike,4.8,1762,8.1,3.3
PRD_1465,Bata Formal Oxford - Ultra,Flipkart,Fashion,Footwear,11281,9685,7355,34.8,24.1,10.7,Genuine Deal,3.7,1028,7.9,4.5
PRD_1466,Samsung 253L Double Door Refrigerator - Lite,Amazon,Appliances,Large Appliances,45073,34760,25939,42.5,25.4,17.1,Genuine Deal,4.8,873,10.7,4.0
PRD_1467,LG 1.5 Ton 5 Star Inverter AC - Ultra,Amazon,Appliances,Large Appliances,37075,33126,26459,28.6,20.1,8.5,Genuine Deal,4.9,1056,3.4,3.3
PRD_1468,Philips Trimmer BT3231 - Lite,Flipkart,Beauty & Personal Care,Grooming,1115,1033,1065,4.5,-3.1,7.6,Fake Discount (Hidden Markup),3.5,379,18.3,3.8
PRD_1469,Braun Series 3 Shaver - Series 2026,Flipkart,Beauty & Personal Care,Grooming,2871,2400,2312,19.5,3.7,15.8,Artificial / Slight Hike,4.6,936,3.2,4.4
PRD_1470,The Derma Co 1% Hyaluronic Sunscreen - Ultra,Amazon,Beauty & Personal Care,Skincare,1160,1047,1110,4.3,-6.0,10.3,Fake Discount (Hidden Markup),2.2,91,14.1,4.6
PRD_1471,IFB 7Kg Front Load Washing Machine - Standard,Amazon,Appliances,Large Appliances,29680,27658,27989,5.7,-1.2,6.9,Artificial / Slight Hike,4.7,36,9.5,4.7
PRD_1472,Samsung Galaxy Watch 6 - Plus,Amazon,Electronics,Smartwatches,25717,21466,14972,41.8,30.3,11.5,Genuine Deal,3.9,862,4.8,3.6
PRD_1473,Samsung 253L Double Door Refrigerator - Pro Edition,Flipkart,Appliances,Large Appliances,43964,41065,40274,8.4,1.9,6.5,Artificial / Slight Hike,4.7,737,5.0,4.8
PRD_1474,Samsung 253L Double Door Refrigerator - Plus,Flipkart,Appliances,Large Appliances,33905,29534,31947,5.8,-8.2,14.0,Fake Discount (Hidden Markup),4.0,361,27.3,3.8
PRD_1475,Voltas 1.5 Ton Split AC - Classic,Amazon,Appliances,Large Appliances,45114,41408,34505,23.5,16.7,6.8,Genuine Deal,3.8,155,4.8,4.6
PRD_1476,Samsung Galaxy Watch 6 - Pro Edition,Amazon,Electronics,Smartwatches,11282,10284,6749,40.2,34.4,5.8,Genuine Deal,4.1,1051,6.6,4.9
PRD_1477,Fire-Boltt Ninja - Plus,Flipkart,Electronics,Smartwatches,13117,11159,8670,33.9,22.3,11.6,Genuine Deal,4.9,623,5.2,4.4
PRD_1478,Braun Series 3 Shaver - Series 2026,Amazon,Beauty & Personal Care,Grooming,1287,977,830,35.5,15.0,20.5,Genuine Deal,4.1,964,8.0,3.4
PRD_1479,Lenovo IdeaPad Slim 3 - Ultra,Amazon,Electronics,Laptops & Tablets,76956,72994,73843,4.0,-1.2,5.2,Artificial / Slight Hike,4.7,670,10.0,4.0
PRD_1480,Morphy Richards Oven Toast - Plus,Flipkart,Home & Kitchen,Kitchen Appliances,5606,5223,5323,5.0,-1.9,6.9,Artificial / Slight Hike,4.4,337,4.5,4.3
PRD_1481,Havells Multi-Grooming Kit - Plus,Flipkart,Beauty & Personal Care,Grooming,1410,1095,1107,21.5,-1.1,22.6,Artificial / Slight Hike,4.7,4975,9.5,4.7
PRD_1482,Minimalist 10% Niacinamide Serum - Ultra,Amazon,Beauty & Personal Care,Skincare,812,685,682,16.0,0.4,15.6,Artificial / Slight Hike,4.2,22,7.6,3.6
PRD_1483,Havells Multi-Grooming Kit - Pro Edition,Amazon,Beauty & Personal Care,Grooming,2971,2558,2014,32.2,21.3,10.9,Genuine Deal,4.0,179,10.4,4.3
PRD_1484,HP Pavilion 15 - Ultra,Flipkart,Electronics,Laptops & Tablets,86400,69852,49317,42.9,29.4,13.5,Genuine Deal,4.7,165,9.1,4.3
PRD_1485,Cetaphil Gentle Skin Cleanser - Classic,Amazon,Beauty & Personal Care,Skincare,712,601,444,37.6,26.1,11.5,Genuine Deal,3.7,435,6.5,4.1
PRD_1486,Samsung 253L Double Door Refrigerator - Lite,Flipkart,Appliances,Large Appliances,26247,24387,16600,36.8,31.9,4.9,Genuine Deal,4.3,155,6.7,4.3
PRD_1487,Philips Trimmer BT3231 - Series 2026,Flipkart,Beauty & Personal Care,Grooming,1815,1498,1181,34.9,21.2,13.7,Genuine Deal,4.8,606,4.1,4.6
PRD_1488,Levi's Women Skinny Jeans - Classic,Flipkart,Fashion,Women Apparel,4242,3301,2610,38.5,20.9,17.6,Genuine Deal,4.2,1128,9.3,4.3
PRD_1489,Philips Air Fryer HD9200 - Ultra,Amazon,Home & Kitchen,Kitchen Appliances,5375,4732,4150,22.8,12.3,10.5,Genuine Deal,4.5,886,10.0,4.1
PRD_1490,OnePlus 12R - Standard,Flipkart,Electronics,Smartphones,56185,50986,45068,19.8,11.6,8.2,Genuine Deal,4.4,2365,9.6,4.0
PRD_1491,Van Heusen Formal Shirt - Plus,Flipkart,Fashion,Men Apparel,2123,1988,2073,2.4,-4.3,6.7,Fake Discount (Hidden Markup),3.1,1396,17.7,4.3
PRD_1492,Samsung 253L Double Door Refrigerator - Ultra,Amazon,Appliances,Large Appliances,25256,20682,15523,38.5,24.9,13.6,Genuine Deal,4.7,735,10.1,4.0
PRD_1493,Prestige Omega Deluxe Granite Cookware - Pro Edition,Flipkart,Home & Kitchen,Cookware & Dining,2504,2310,2454,2.0,-6.2,8.2,Fake Discount (Hidden Markup),3.0,507,22.7,3.6
PRD_1494,Havells Multi-Grooming Kit - Standard,Amazon,Beauty & Personal Care,Grooming,2170,1912,1939,10.6,-1.4,12.0,Artificial / Slight Hike,4.6,267,7.7,3.5
PRD_1495,ASUS Vivobook 15 - Standard,Flipkart,Electronics,Laptops & Tablets,33185,27724,30287,8.7,-9.2,17.9,Fake Discount (Hidden Markup),2.8,404,21.5,3.2
PRD_1496,Borosil Glass Lunch Box Set - Ultra,Flipkart,Home & Kitchen,Cookware & Dining,2863,2601,2258,21.1,13.2,7.9,Genuine Deal,3.8,2367,8.4,4.8
PRD_1497,LG 1.5 Ton 5 Star Inverter AC - Standard,Amazon,Appliances,Large Appliances,30542,25336,17881,41.5,29.4,12.1,Genuine Deal,3.7,2007,8.3,4.3
PRD_1498,LG 1.5 Ton 5 Star Inverter AC - Classic,Amazon,Appliances,Large Appliances,30168,22879,17274,42.7,24.5,18.2,Genuine Deal,3.8,252,8.7,3.6
PRD_1499,Nike Air Max SC - Lite,Amazon,Fashion,Footwear,11116,8390,7114,36.0,15.2,20.8,Genuine Deal,4.6,2725,5.0,4.2
PRD_1500,Noise ColorFit Pulse - Series 2026,Amazon,Electronics,Smartwatches,29304,22399,20146,31.3,10.1,21.2,Genuine Deal,4.9,88,10.2,4.6
PRD_1501,IFB 7Kg Front Load Washing Machine - Classic,Flipkart,Appliances,Large Appliances,45291,42089,40640,10.3,3.4,6.9,Artificial / Slight Hike,3.8,743,10.7,4.8
PRD_1502,Lenovo IdeaPad Slim 3 - Standard,Amazon,Electronics,Laptops & Tablets,36046,33206,26374,26.8,20.6,6.2,Genuine Deal,4.6,187,4.1,4.3
PRD_1503,Philips Trimmer BT3231 - Pro Edition,Amazon,Beauty & Personal Care,Grooming,1926,1577,1544,19.8,2.1,17.7,Artificial / Slight Hike,4.5,391,8.0,3.3
PRD_1504,IFB 7Kg Front Load Washing Machine - Series 2026,Amazon,Appliances,Large Appliances,43642,32804,23850,45.4,27.3,18.1,Genuine Deal,4.5,5108,10.8,4.4
PRD_1505,Samsung 253L Double Door Refrigerator - Series 2026,Amazon,Appliances,Large Appliances,27813,21654,23998,13.7,-10.8,24.5,Fake Discount (Hidden Markup),3.1,117,15.5,4.2
PRD_1506,Biba Printed Anarkali Kurta - Ultra,Amazon,Fashion,Women Apparel,4024,3229,2851,29.2,11.7,17.5,Genuine Deal,3.9,1223,10.3,4.4
PRD_1507,Sparx Running Shoes - Plus,Amazon,Fashion,Footwear,7819,7199,7769,0.6,-7.9,8.5,Fake Discount (Hidden Markup),3.4,1107,18.5,3.4
PRD_1508,US Polo Assn Casual Shirt - Plus,Flipkart,Fashion,Men Apparel,2977,2233,1861,37.5,16.7,20.8,Genuine Deal,4.5,2989,10.7,4.1
PRD_1509,Minimalist 10% Niacinamide Serum - Classic,Amazon,Beauty & Personal Care,Skincare,355,285,287,19.2,-0.7,19.9,Artificial / Slight Hike,4.6,382,4.6,3.4
PRD_1510,Milton Thermosteel Bottle - Series 2026,Flipkart,Home & Kitchen,Cookware & Dining,1082,814,884,18.3,-8.6,26.9,Fake Discount (Hidden Markup),2.2,173,12.9,4.2
PRD_1511,Sparx Running Shoes - Pro Edition,Amazon,Fashion,Footwear,1507,1247,1367,9.3,-9.6,18.9,Fake Discount (Hidden Markup),3.6,184,20.0,4.2
PRD_1512,Milton Thermosteel Bottle - Standard,Amazon,Home & Kitchen,Cookware & Dining,3506,3088,2091,40.4,32.3,8.1,Genuine Deal,4.7,363,8.7,4.7
PRD_1513,Voltas 1.5 Ton Split AC - Plus,Flipkart,Appliances,Large Appliances,22433,17392,14733,34.3,15.3,19.0,Genuine Deal,4.6,866,5.6,3.5
PRD_1514,Voltas 1.5 Ton Split AC - Classic,Amazon,Appliances,Large Appliances,39272,34611,25181,35.9,27.2,8.7,Genuine Deal,4.8,705,8.1,4.1
PRD_1515,Cetaphil Gentle Skin Cleanser - Classic,Amazon,Beauty & Personal Care,Skincare,430,332,217,49.5,34.6,14.9,Genuine Deal,4.1,540,4.4,3.9
PRD_1516,Sennheiser HD 450SE - Standard,Amazon,Electronics,Audio & Headphones,21742,20528,20873,4.0,-1.7,5.7,Artificial / Slight Hike,4.5,2932,3.4,4.4
PRD_1517,Google Pixel 8 - Pro Edition,Amazon,Electronics,Smartphones,79172,62532,61086,22.8,2.3,20.5,Artificial / Slight Hike,4.4,276,6.9,4.0
PRD_1518,Zara Floral Dress - Series 2026,Amazon,Fashion,Women Apparel,3120,2403,2429,22.1,-1.1,23.2,Artificial / Slight Hike,4.8,260,6.7,3.7
PRD_1519,Samsung 253L Double Door Refrigerator - Classic,Flipkart,Appliances,Large Appliances,46091,37237,36826,20.1,1.1,19.0,Artificial / Slight Hike,3.7,1337,10.9,3.7
PRD_1520,Borosil Glass Lunch Box Set - Classic,Amazon,Home & Kitchen,Cookware & Dining,1111,911,656,41.0,28.0,13.0,Genuine Deal,4.6,1163,8.4,4.7
PRD_1521,Sparx Running Shoes - Series 2026,Amazon,Fashion,Footwear,6773,5085,5898,12.9,-16.0,28.9,Fake Discount (Hidden Markup),3.4,298,12.7,4.8
PRD_1522,Lenovo IdeaPad Slim 3 - Pro Edition,Amazon,Electronics,Laptops & Tablets,47475,35625,39295,17.2,-10.3,27.5,Fake Discount (Hidden Markup),4.1,1645,22.4,3.3
PRD_1523,Levi's 511 Slim Jeans - Standard,Flipkart,Fashion,Men Apparel,2832,2231,2148,24.2,3.7,20.5,Artificial / Slight Hike,4.1,813,9.2,4.7
PRD_1524,Zara Floral Dress - Lite,Amazon,Fashion,Women Apparel,3706,3371,3656,1.3,-8.5,9.8,Fake Discount (Hidden Markup),2.7,81,27.2,3.5
PRD_1525,Fastrack Limitless FS1 - Series 2026,Amazon,Electronics,Smartwatches,30791,28976,25976,15.6,10.4,5.2,Genuine Deal,4.3,1335,10.5,4.6
PRD_1526,Minimalist 10% Niacinamide Serum - Plus,Amazon,Beauty & Personal Care,Skincare,749,700,692,7.6,1.1,6.5,Artificial / Slight Hike,4.6,214,6.9,4.3
PRD_1527,Cetaphil Gentle Skin Cleanser - Classic,Flipkart,Beauty & Personal Care,Skincare,375,308,325,13.3,-5.5,18.8,Fake Discount (Hidden Markup),2.6,172,12.5,4.3
PRD_1528,Havells Multi-Grooming Kit - Classic,Amazon,Beauty & Personal Care,Grooming,1284,1079,1094,14.8,-1.4,16.2,Artificial / Slight Hike,4.1,2346,9.8,3.4
PRD_1529,LG 1.5 Ton 5 Star Inverter AC - Pro Edition,Flipkart,Appliances,Large Appliances,22413,18530,21631,3.5,-16.7,20.2,Fake Discount (Hidden Markup),3.5,404,13.5,3.7
PRD_1530,Puma Smash v2 - Lite,Amazon,Fashion,Footwear,5480,5157,4059,25.9,21.3,4.6,Genuine Deal,3.8,2322,6.6,4.2
PRD_1531,Mamaearth Vitamin C Face Wash - Classic,Amazon,Beauty & Personal Care,Skincare,625,548,539,13.8,1.6,12.2,Artificial / Slight Hike,4.6,1984,5.7,3.8
PRD_1532,Nike Air Max SC - Ultra,Amazon,Fashion,Footwear,8931,6845,7725,13.5,-12.9,26.4,Fake Discount (Hidden Markup),3.2,4618,20.9,4.5
PRD_1533,Sparx Running Shoes - Standard,Amazon,Fashion,Footwear,4239,3997,3053,28.0,23.6,4.4,Genuine Deal,4.3,731,5.9,4.8
PRD_1534,HP Pavilion 15 - Standard,Flipkart,Electronics,Laptops & Tablets,59754,47689,34463,42.3,27.7,14.6,Genuine Deal,3.6,1814,6.4,3.8
PRD_1535,Braun Series 3 Shaver - Lite,Amazon,Beauty & Personal Care,Grooming,2241,1762,1777,20.7,-0.9,21.6,Artificial / Slight Hike,4.7,271,6.4,3.7
PRD_1536,Voltas 1.5 Ton Split AC - Pro Edition,Flipkart,Appliances,Large Appliances,27095,20625,22665,16.3,-9.9,26.2,Fake Discount (Hidden Markup),3.9,397,20.7,4.4
PRD_1537,Samsung 253L Double Door Refrigerator - Pro Edition,Amazon,Appliances,Large Appliances,35729,32498,26133,26.9,19.6,7.3,Genuine Deal,4.7,1128,9.9,4.4
PRD_1538,Philips Air Fryer HD9200 - Lite,Amazon,Home & Kitchen,Kitchen Appliances,9861,8983,6691,32.1,25.5,6.6,Genuine Deal,4.4,162,8.6,4.6
PRD_1539,Voltas 1.5 Ton Split AC - Pro Edition,Flipkart,Appliances,Large Appliances,24818,19229,20610,17.0,-7.2,24.2,Fake Discount (Hidden Markup),3.1,1197,19.8,4.8
PRD_1540,IFB 7Kg Front Load Washing Machine - Ultra,Flipkart,Appliances,Large Appliances,40844,34673,34944,14.4,-0.8,15.2,Artificial / Slight Hike,4.6,1334,11.0,4.0
PRD_1541,Biba Printed Anarkali Kurta - Ultra,Amazon,Fashion,Women Apparel,1667,1420,1364,18.2,3.9,14.3,Artificial / Slight Hike,3.7,85,4.1,4.3
PRD_1542,Prestige Induction Cooktop - Standard,Flipkart,Home & Kitchen,Kitchen Appliances,6506,5449,4634,28.8,15.0,13.8,Genuine Deal,4.0,303,7.7,3.4
PRD_1543,Samsung 253L Double Door Refrigerator - Classic,Amazon,Appliances,Large Appliances,22408,19673,16442,26.6,16.4,10.2,Genuine Deal,3.7,286,3.8,4.9
PRD_1544,Noise Two Wireless - Plus,Amazon,Electronics,Audio & Headphones,7018,6565,6537,6.9,0.4,6.5,Artificial / Slight Hike,4.8,133,8.2,4.8
PRD_1545,Allen Solly Polo T-Shirt - Plus,Amazon,Fashion,Men Apparel,748,636,508,32.1,20.1,12.0,Genuine Deal,4.1,1970,9.2,3.5
PRD_1546,Sparx Running Shoes - Pro Edition,Amazon,Fashion,Footwear,4850,4213,4631,4.5,-9.9,14.4,Fake Discount (Hidden Markup),2.2,3765,14.8,3.3
PRD_1547,Samsung Galaxy Watch 6 - Ultra,Flipkart,Electronics,Smartwatches,18400,16837,11604,36.9,31.1,5.8,Genuine Deal,4.4,2439,8.2,4.7
PRD_1548,US Polo Assn Casual Shirt - Pro Edition,Amazon,Fashion,Men Apparel,2050,1777,1515,26.1,14.7,11.4,Genuine Deal,3.6,996,3.7,4.7
PRD_1549,Prestige Omega Deluxe Granite Cookware - Lite,Amazon,Home & Kitchen,Cookware & Dining,1860,1753,1810,2.7,-3.3,6.0,Fake Discount (Hidden Markup),4.1,788,26.1,4.1
PRD_1550,Zara Floral Dress - Pro Edition,Flipkart,Fashion,Women Apparel,893,694,468,47.6,32.6,15.0,Genuine Deal,4.8,1330,8.4,4.0
PRD_1551,IFB 7Kg Front Load Washing Machine - Ultra,Amazon,Appliances,Large Appliances,38170,31629,35435,7.2,-12.0,19.2,Fake Discount (Hidden Markup),3.7,97,20.1,3.9
PRD_1552,The Derma Co 1% Hyaluronic Sunscreen - Classic,Flipkart,Beauty & Personal Care,Skincare,376,334,321,14.6,3.9,10.7,Artificial / Slight Hike,4.5,1458,10.9,3.7
PRD_1553,Allen Solly Polo T-Shirt - Series 2026,Flipkart,Fashion,Men Apparel,2639,2495,2520,4.5,-1.0,5.5,Artificial / Slight Hike,4.3,36,7.0,3.8
PRD_1554,Google Pixel 8 - Plus,Flipkart,Electronics,Smartphones,65989,58513,49817,24.5,14.9,9.6,Genuine Deal,4.3,125,5.5,4.4
PRD_1555,Cetaphil Gentle Skin Cleanser - Classic,Amazon,Beauty & Personal Care,Skincare,683,588,588,13.9,0.0,13.9,Artificial / Slight Hike,4.5,345,10.0,4.9
PRD_1556,IFB 7Kg Front Load Washing Machine - Ultra,Flipkart,Appliances,Large Appliances,28321,22686,19340,31.7,14.7,17.0,Genuine Deal,4.2,361,5.3,4.3
PRD_1557,Morphy Richards Oven Toast - Plus,Flipkart,Home & Kitchen,Kitchen Appliances,2194,1964,2144,2.3,-9.2,11.5,Fake Discount (Hidden Markup),3.5,896,12.1,3.3
PRD_1558,Van Heusen Formal Shirt - Pro Edition,Amazon,Fashion,Men Apparel,2167,1860,2115,2.4,-13.7,16.1,Fake Discount (Hidden Markup),2.2,349,19.5,4.0
PRD_1559,Voltas 1.5 Ton Split AC - Series 2026,Amazon,Appliances,Large Appliances,38435,32642,21903,43.0,32.9,10.1,Genuine Deal,4.4,1138,4.5,4.4
PRD_1560,Mamaearth Vitamin C Face Wash - Ultra,Flipkart,Beauty & Personal Care,Skincare,1171,904,893,23.7,1.2,22.5,Artificial / Slight Hike,3.6,758,5.0,4.3
PRD_1561,Minimalist 10% Niacinamide Serum - Lite,Amazon,Beauty & Personal Care,Skincare,808,753,734,9.2,2.5,6.7,Artificial / Slight Hike,4.5,410,10.9,4.0
PRD_1562,Samsung 253L Double Door Refrigerator - Ultra,Amazon,Appliances,Large Appliances,39789,30777,20979,47.3,31.8,15.5,Genuine Deal,3.7,498,10.1,3.7
PRD_1563,MacBook Air M2 - Lite,Amazon,Electronics,Laptops & Tablets,52895,41188,35018,33.8,15.0,18.8,Genuine Deal,4.2,2984,6.1,4.5
PRD_1564,Zara Floral Dress - Series 2026,Flipkart,Fashion,Women Apparel,1978,1646,1180,40.3,28.3,12.0,Genuine Deal,4.1,834,9.3,3.5
PRD_1565,Bata Formal Oxford - Ultra,Flipkart,Fashion,Footwear,9476,7936,8040,15.2,-1.3,16.5,Artificial / Slight Hike,3.8,395,7.2,3.2
PRD_1566,Borosil Glass Lunch Box Set - Ultra,Amazon,Home & Kitchen,Cookware & Dining,2387,1805,1834,23.2,-1.6,24.8,Artificial / Slight Hike,4.3,6932,9.7,3.9
PRD_1567,OnePlus 12R - Series 2026,Amazon,Electronics,Smartphones,17875,15739,11465,35.9,27.2,8.7,Genuine Deal,4.8,2022,5.1,3.3
PRD_1568,Borosil Glass Lunch Box Set - Classic,Amazon,Home & Kitchen,Cookware & Dining,3182,2604,2953,7.2,-13.4,20.6,Fake Discount (Hidden Markup),4.0,3122,23.4,4.1
PRD_1569,LG 1.5 Ton 5 Star Inverter AC - Series 2026,Amazon,Appliances,Large Appliances,38376,33695,32406,15.6,3.8,11.8,Artificial / Slight Hike,3.7,833,5.1,4.6
PRD_1570,ASUS Vivobook 15 - Pro Edition,Flipkart,Electronics,Laptops & Tablets,75889,68479,54035,28.8,21.1,7.7,Genuine Deal,4.8,208,6.3,4.1
PRD_1571,Noise ColorFit Pulse - Series 2026,Flipkart,Electronics,Smartwatches,2596,2124,1614,37.8,24.0,13.8,Genuine Deal,4.0,3099,5.8,3.6
PRD_1572,Levi's Women Skinny Jeans - Lite,Flipkart,Fashion,Women Apparel,3947,3251,3275,17.0,-0.7,17.7,Artificial / Slight Hike,4.3,1204,8.9,4.0
PRD_1573,Minimalist 10% Niacinamide Serum - Ultra,Amazon,Beauty & Personal Care,Skincare,322,252,173,46.3,31.3,15.0,Genuine Deal,4.3,3147,10.2,3.2
PRD_1574,Borosil Glass Lunch Box Set - Ultra,Flipkart,Home & Kitchen,Cookware & Dining,714,576,553,22.5,4.0,18.5,Artificial / Slight Hike,4.3,898,5.7,4.9
PRD_1575,Noise ColorFit Pulse - Pro Edition,Amazon,Electronics,Smartwatches,14983,13232,13031,13.0,1.5,11.5,Artificial / Slight Hike,3.6,1517,9.1,3.8
PRD_1576,Philips Trimmer BT3231 - Pro Edition,Amazon,Beauty & Personal Care,Grooming,1596,1412,1067,33.1,24.4,8.7,Genuine Deal,3.8,1452,5.8,4.2
PRD_1577,Noise Two Wireless - Classic,Flipkart,Electronics,Audio & Headphones,3382,2616,1892,44.1,27.7,16.4,Genuine Deal,4.8,575,5.2,4.2
PRD_1578,OnePlus Bullets Z2 - Plus,Flipkart,Electronics,Audio & Headphones,15150,13066,9410,37.9,28.0,9.9,Genuine Deal,4.0,548,5.0,3.5
PRD_1579,Philips Air Fryer HD9200 - Standard,Amazon,Home & Kitchen,Kitchen Appliances,5208,4000,2830,45.7,29.2,16.5,Genuine Deal,4.8,980,6.6,4.8
PRD_1580,Samsung Galaxy S23 - Pro Edition,Flipkart,Electronics,Smartphones,33087,26015,29960,9.5,-15.2,24.7,Fake Discount (Hidden Markup),2.5,1135,13.4,3.3
PRD_1581,Levi's 511 Slim Jeans - Classic,Amazon,Fashion,Men Apparel,1676,1424,1442,14.0,-1.3,15.3,Artificial / Slight Hike,4.1,953,6.9,4.6
PRD_1582,Samsung 253L Double Door Refrigerator - Series 2026,Amazon,Appliances,Large Appliances,30987,24831,24109,22.2,2.9,19.3,Artificial / Slight Hike,4.3,3564,10.4,3.3
PRD_1583,The Derma Co 1% Hyaluronic Sunscreen - Plus,Amazon,Beauty & Personal Care,Skincare,909,822,804,11.6,2.2,9.4,Artificial / Slight Hike,3.7,386,7.0,4.4
PRD_1584,Sony WH-1000XM5 - Lite,Flipkart,Electronics,Audio & Headphones,6704,5781,5747,14.3,0.6,13.7,Artificial / Slight Hike,4.4,214,7.2,3.3
PRD_1585,boAt Rockerz 450 - Series 2026,Amazon,Electronics,Audio & Headphones,10838,8678,9965,8.1,-14.8,22.9,Fake Discount (Hidden Markup),2.8,217,23.9,3.4
PRD_1586,LG 1.5 Ton 5 Star Inverter AC - Series 2026,Amazon,Appliances,Large Appliances,23644,21838,23594,0.2,-8.0,8.2,Fake Discount (Hidden Markup),2.6,919,20.9,4.3
PRD_1587,Bajaj Mixer Grinder 750W - Ultra,Flipkart,Home & Kitchen,Kitchen Appliances,8094,7663,6222,23.1,18.8,4.3,Genuine Deal,4.3,1893,3.6,3.6
PRD_1588,US Polo Assn Casual Shirt - Classic,Flipkart,Fashion,Men Apparel,1631,1285,972,40.4,24.4,16.0,Genuine Deal,4.6,452,6.0,4.0
PRD_1589,ASUS Vivobook 15 - Series 2026,Amazon,Electronics,Laptops & Tablets,72995,56158,47283,35.2,15.8,19.4,Genuine Deal,4.5,2354,9.6,3.9
PRD_1590,Philips Trimmer BT3231 - Series 2026,Flipkart,Beauty & Personal Care,Grooming,1119,877,863,22.9,1.6,21.3,Artificial / Slight Hike,3.7,132,5.7,4.8
PRD_1591,Voltas 1.5 Ton Split AC - Pro Edition,Amazon,Appliances,Large Appliances,22286,19314,14174,36.4,26.6,9.8,Genuine Deal,4.5,2652,4.4,4.0
PRD_1592,Biba Printed Anarkali Kurta - Plus,Amazon,Fashion,Women Apparel,3129,2438,2357,24.7,3.3,21.4,Artificial / Slight Hike,4.2,9980,9.0,4.4
PRD_1593,Samsung Galaxy Watch 6 - Classic,Flipkart,Electronics,Smartwatches,6855,6268,6805,0.7,-8.6,9.3,Fake Discount (Hidden Markup),2.2,1125,21.6,3.3
PRD_1594,Havells Multi-Grooming Kit - Plus,Amazon,Beauty & Personal Care,Grooming,1573,1217,1060,32.6,12.9,19.7,Genuine Deal,4.7,236,8.1,3.9
PRD_1595,Sparx Running Shoes - Lite,Flipkart,Fashion,Footwear,11879,11154,8694,26.8,22.1,4.7,Genuine Deal,4.3,1587,5.5,4.7
PRD_1596,Samsung 253L Double Door Refrigerator - Classic,Amazon,Appliances,Large Appliances,36314,28500,22810,37.2,20.0,17.2,Genuine Deal,4.0,423,6.7,4.8
PRD_1597,Philips Air Fryer HD9200 - Pro Edition,Amazon,Home & Kitchen,Kitchen Appliances,2042,1894,1484,27.3,21.6,5.7,Genuine Deal,4.2,1634,9.4,3.9
PRD_1598,Milton Thermosteel Bottle - Standard,Flipkart,Home & Kitchen,Cookware & Dining,682,646,632,7.3,2.2,5.1,Fake Discount (Hidden Markup),2.4,3254,15.8,4.7
PRD_1599,Samsung 253L Double Door Refrigerator - Pro Edition,Flipkart,Appliances,Large Appliances,47356,35841,24989,47.2,30.3,16.9,Genuine Deal,3.9,1372,4.7,3.9
PRD_1600,Minimalist 10% Niacinamide Serum - Plus,Amazon,Beauty & Personal Care,Skincare,1126,866,700,37.8,19.2,18.6,Genuine Deal,4.4,4151,4.3,4.8
PRD_1601,Allen Solly Polo T-Shirt - Standard,Flipkart,Fashion,Men Apparel,3237,2949,2928,9.5,0.7,8.8,Artificial / Slight Hike,4.4,328,3.6,4.8
PRD_1602,Minimalist 10% Niacinamide Serum - Standard,Amazon,Beauty & Personal Care,Skincare,594,489,328,44.8,32.9,11.9,Genuine Deal,4.4,2896,3.6,4.8
PRD_1603,ASUS Vivobook 15 - Classic,Amazon,Electronics,Laptops & Tablets,41677,34774,38786,6.9,-11.5,18.4,Fake Discount (Hidden Markup),2.3,519,21.9,4.7
PRD_1604,Van Heusen Formal Shirt - Standard,Amazon,Fashion,Men Apparel,2829,2537,2731,3.5,-7.6,11.1,Fake Discount (Hidden Markup),2.7,3461,19.4,4.8
PRD_1605,Cetaphil Gentle Skin Cleanser - Series 2026,Amazon,Beauty & Personal Care,Skincare,758,650,708,6.6,-8.9,15.5,Fake Discount (Hidden Markup),2.9,2738,19.9,4.6
PRD_1606,Levi's 511 Slim Jeans - Lite,Amazon,Fashion,Men Apparel,2573,2002,1950,24.2,2.6,21.6,Artificial / Slight Hike,4.6,404,5.9,4.6
PRD_1607,Philips Trimmer BT3231 - Series 2026,Flipkart,Beauty & Personal Care,Grooming,3588,2943,2093,41.7,28.9,12.8,Genuine Deal,4.5,144,7.2,4.6
PRD_1608,Morphy Richards Oven Toast - Plus,Amazon,Home & Kitchen,Kitchen Appliances,9839,8265,8240,16.3,0.3,16.0,Artificial / Slight Hike,4.0,2395,8.8,4.3
PRD_1609,Zara Floral Dress - Series 2026,Amazon,Fashion,Women Apparel,2393,2249,2242,6.3,0.3,6.0,Artificial / Slight Hike,4.6,1098,5.4,4.1
PRD_1610,Google Pixel 8 - Standard,Amazon,Electronics,Smartphones,31006,23983,17071,44.9,28.8,16.1,Genuine Deal,4.2,28,6.6,4.6
PRD_1611,Philips Air Fryer HD9200 - Lite,Flipkart,Home & Kitchen,Kitchen Appliances,5063,4294,2824,44.2,34.2,10.0,Genuine Deal,4.8,677,10.0,4.4
PRD_1612,Braun Series 3 Shaver - Lite,Amazon,Beauty & Personal Care,Grooming,1225,1145,1123,8.3,1.9,6.4,Artificial / Slight Hike,4.7,239,5.3,3.8
PRD_1613,Noise ColorFit Pulse - Standard,Amazon,Electronics,Smartwatches,17866,13632,15806,11.5,-15.9,27.4,Fake Discount (Hidden Markup),2.7,783,18.9,3.5
PRD_1614,LG 1.5 Ton 5 Star Inverter AC - Lite,Amazon,Appliances,Large Appliances,31067,25202,17034,45.2,32.4,12.8,Genuine Deal,4.1,1488,6.6,4.6
PRD_1615,Fire-Boltt Ninja - Classic,Amazon,Electronics,Smartwatches,12745,10348,8417,34.0,18.7,15.3,Genuine Deal,4.7,1372,3.8,3.6
PRD_1616,Noise ColorFit Pulse - Pro Edition,Amazon,Electronics,Smartwatches,23128,21874,14751,36.2,32.6,3.6,Genuine Deal,3.7,330,10.2,4.5
PRD_1617,Philips Air Fryer HD9200 - Lite,Flipkart,Home & Kitchen,Kitchen Appliances,6186,5827,6136,0.8,-5.3,6.1,Fake Discount (Hidden Markup),2.4,421,22.7,4.2
PRD_1618,IFB 7Kg Front Load Washing Machine - Plus,Flipkart,Appliances,Large Appliances,45840,34409,23544,48.6,31.6,17.0,Genuine Deal,3.9,865,7.7,3.2
PRD_1619,Samsung Galaxy Watch 6 - Classic,Flipkart,Electronics,Smartwatches,25756,23770,23062,10.5,3.0,7.5,Artificial / Slight Hike,4.0,402,6.7,4.0
PRD_1620,Allen Solly Polo T-Shirt - Classic,Amazon,Fashion,Men Apparel,1771,1519,1259,28.9,17.1,11.8,Genuine Deal,4.2,737,8.1,3.8
PRD_1621,W for Woman Straight Kurti - Series 2026,Flipkart,Fashion,Women Apparel,2682,2540,1668,37.8,34.3,3.5,Genuine Deal,3.9,92,9.4,4.8
PRD_1622,Bata Formal Oxford - Lite,Amazon,Fashion,Footwear,5952,5300,3988,33.0,24.8,8.2,Genuine Deal,4.3,66,5.3,4.9
PRD_1623,LG 1.5 Ton 5 Star Inverter AC - Classic,Flipkart,Appliances,Large Appliances,23122,20534,14176,38.7,31.0,7.7,Genuine Deal,4.5,4140,5.2,3.7
PRD_1624,Van Heusen Formal Shirt - Lite,Amazon,Fashion,Men Apparel,794,749,509,35.9,32.0,3.9,Genuine Deal,4.1,3025,8.8,3.9
PRD_1625,LG 1.5 Ton 5 Star Inverter AC - Plus,Amazon,Appliances,Large Appliances,42913,40202,39626,7.7,1.4,6.3,Artificial / Slight Hike,4.8,936,4.0,4.7
PRD_1626,HP Pavilion 15 - Classic,Flipkart,Electronics,Laptops & Tablets,51092,38879,30511,40.3,21.5,18.8,Genuine Deal,4.5,819,4.3,4.5
PRD_1627,Apple Watch SE - Ultra,Amazon,Electronics,Smartwatches,25114,20562,20268,19.3,1.4,17.9,Artificial / Slight Hike,3.7,1200,8.0,4.7
PRD_1628,Cetaphil Gentle Skin Cleanser - Plus,Amazon,Beauty & Personal Care,Skincare,890,802,557,37.4,30.5,6.9,Genuine Deal,4.4,480,7.1,4.4
PRD_1629,Samsung 253L Double Door Refrigerator - Standard,Amazon,Appliances,Large Appliances,32684,26936,26325,19.5,2.3,17.2,Artificial / Slight Hike,3.7,755,9.9,3.6
PRD_1630,Cetaphil Gentle Skin Cleanser - Series 2026,Amazon,Beauty & Personal Care,Skincare,640,512,399,37.7,22.1,15.6,Genuine Deal,4.9,303,9.2,4.1
PRD_1631,LG 1.5 Ton 5 Star Inverter AC - Ultra,Amazon,Appliances,Large Appliances,30184,25743,25529,15.4,0.8,14.6,Artificial / Slight Hike,3.8,372,4.2,4.8
PRD_1632,Levi's 511 Slim Jeans - Ultra,Flipkart,Fashion,Men Apparel,2948,2277,1921,34.8,15.6,19.2,Genuine Deal,4.2,1610,5.1,4.3
PRD_1633,OnePlus 12R - Standard,Flipkart,Electronics,Smartphones,49348,42551,47003,4.8,-10.5,15.3,Fake Discount (Hidden Markup),4.0,2488,26.4,3.3
PRD_1634,Lenovo IdeaPad Slim 3 - Series 2026,Amazon,Electronics,Laptops & Tablets,36981,34383,26228,29.1,23.7,5.4,Genuine Deal,4.9,953,6.5,4.8
PRD_1635,The Derma Co 1% Hyaluronic Sunscreen - Plus,Amazon,Beauty & Personal Care,Skincare,812,715,726,10.6,-1.5,12.1,Artificial / Slight Hike,4.6,2642,5.3,3.8
PRD_1636,Puma Smash v2 - Standard,Flipkart,Fashion,Footwear,10942,10132,10161,7.1,-0.3,7.4,Artificial / Slight Hike,3.7,2403,8.3,3.5
PRD_1637,Minimalist 10% Niacinamide Serum - Series 2026,Amazon,Beauty & Personal Care,Skincare,538,413,314,41.6,24.0,17.6,Genuine Deal,3.7,1549,3.4,4.0
PRD_1638,OnePlus Bullets Z2 - Ultra,Amazon,Electronics,Audio & Headphones,10284,8237,7313,28.9,11.2,17.7,Genuine Deal,4.2,2731,6.6,3.4
PRD_1639,Allen Solly Polo T-Shirt - Classic,Amazon,Fashion,Men Apparel,1474,1372,1424,3.4,-3.8,7.2,Fake Discount (Hidden Markup),3.2,201,12.9,4.3
PRD_1640,Apple iPhone 15 - Lite,Flipkart,Electronics,Smartphones,53837,47473,53224,1.1,-12.1,13.2,Fake Discount (Hidden Markup),2.2,1083,22.3,4.7
PRD_1641,Prestige Induction Cooktop - Pro Edition,Amazon,Home & Kitchen,Kitchen Appliances,9115,7509,6056,33.6,19.4,14.2,Genuine Deal,4.5,375,3.6,4.4
PRD_1642,Sennheiser HD 450SE - Standard,Amazon,Electronics,Audio & Headphones,13483,10730,9642,28.5,10.1,18.4,Genuine Deal,4.5,1140,10.8,3.4
PRD_1643,Noise Two Wireless - Classic,Flipkart,Electronics,Audio & Headphones,18093,15731,10958,39.4,30.3,9.1,Genuine Deal,4.6,343,8.3,3.4
PRD_1644,Fastrack Limitless FS1 - Series 2026,Amazon,Electronics,Smartwatches,17314,15228,13515,21.9,11.2,10.7,Genuine Deal,3.9,935,8.2,4.8
PRD_1645,OnePlus 12R - Standard,Flipkart,Electronics,Smartphones,23604,19498,18978,19.6,2.7,16.9,Artificial / Slight Hike,4.3,36,8.2,3.5
PRD_1646,Lenovo IdeaPad Slim 3 - Pro Edition,Flipkart,Electronics,Laptops & Tablets,41445,33431,33629,18.9,-0.6,19.5,Artificial / Slight Hike,4.0,613,8.2,3.5
PRD_1647,Minimalist 10% Niacinamide Serum - Ultra,Amazon,Beauty & Personal Care,Skincare,763,708,700,8.3,1.1,7.2,Artificial / Slight Hike,4.0,445,6.4,3.6
PRD_1648,LG 1.5 Ton 5 Star Inverter AC - Series 2026,Flipkart,Appliances,Large Appliances,39769,32341,31478,20.8,2.7,18.1,Artificial / Slight Hike,4.7,1177,7.6,3.7
PRD_1649,Prestige Induction Cooktop - Lite,Flipkart,Home & Kitchen,Kitchen Appliances,7673,7251,7623,0.7,-5.1,5.8,Fake Discount (Hidden Markup),2.7,232,13.0,4.7
PRD_1650,Samsung Galaxy S23 - Classic,Flipkart,Electronics,Smartphones,63343,52924,52827,16.6,0.2,16.4,Artificial / Slight Hike,3.9,4254,8.4,3.5
PRD_1651,Biba Printed Anarkali Kurta - Plus,Amazon,Fashion,Women Apparel,2661,2365,2289,14.0,3.2,10.8,Artificial / Slight Hike,4.0,168,4.5,4.2
PRD_1652,Samsung 253L Double Door Refrigerator - Plus,Amazon,Appliances,Large Appliances,32810,28090,24574,25.1,12.5,12.6,Genuine Deal,4.0,1335,8.3,3.7
PRD_1653,Braun Series 3 Shaver - Series 2026,Amazon,Beauty & Personal Care,Grooming,966,744,627,35.1,15.7,19.4,Genuine Deal,4.0,1243,4.0,3.3
PRD_1654,Prestige Induction Cooktop - Series 2026,Amazon,Home & Kitchen,Kitchen Appliances,9502,7581,5243,44.8,30.8,14.0,Genuine Deal,3.9,756,10.1,4.4
PRD_1655,Mamaearth Vitamin C Face Wash - Plus,Flipkart,Beauty & Personal Care,Skincare,1185,898,584,50.7,35.0,15.7,Genuine Deal,4.7,69,7.9,4.7
PRD_1656,Lenovo IdeaPad Slim 3 - Standard,Amazon,Electronics,Laptops & Tablets,75381,67218,55312,26.6,17.7,8.9,Genuine Deal,3.6,1460,7.7,4.7
PRD_1657,Fastrack Limitless FS1 - Series 2026,Flipkart,Electronics,Smartwatches,4400,4132,4194,4.7,-1.5,6.2,Artificial / Slight Hike,4.5,2541,5.0,4.6
PRD_1658,Braun Series 3 Shaver - Lite,Flipkart,Beauty & Personal Care,Grooming,2052,1811,1753,14.6,3.2,11.4,Artificial / Slight Hike,3.7,2299,3.6,3.6
PRD_1659,Voltas 1.5 Ton Split AC - Pro Edition,Amazon,Appliances,Large Appliances,47259,42285,45637,3.4,-7.9,11.3,Fake Discount (Hidden Markup),3.5,2602,16.1,4.2
PRD_1660,Mamaearth Vitamin C Face Wash - Lite,Flipkart,Beauty & Personal Care,Skincare,992,845,644,35.1,23.8,11.3,Genuine Deal,4.6,490,9.3,4.4
PRD_1661,Levi's 511 Slim Jeans - Series 2026,Amazon,Fashion,Men Apparel,2697,2414,2647,1.9,-9.7,11.6,Fake Discount (Hidden Markup),2.6,2188,18.1,3.5
PRD_1662,Cetaphil Gentle Skin Cleanser - Plus,Amazon,Beauty & Personal Care,Skincare,1044,818,557,46.6,31.9,14.7,Genuine Deal,4.6,1675,6.3,4.8
PRD_1663,Noise Two Wireless - Standard,Amazon,Electronics,Audio & Headphones,17984,16706,16538,8.0,1.0,7.0,Artificial / Slight Hike,4.7,373,7.2,4.3
PRD_1664,Samsung 253L Double Door Refrigerator - Pro Edition,Amazon,Appliances,Large Appliances,43359,40943,40903,5.7,0.1,5.6,Artificial / Slight Hike,4.0,522,6.1,4.6
PRD_1665,Samsung 253L Double Door Refrigerator - Pro Edition,Flipkart,Appliances,Large Appliances,31546,26547,18939,40.0,28.7,11.3,Genuine Deal,3.6,1063,4.3,4.4
PRD_1666,LG 1.5 Ton 5 Star Inverter AC - Series 2026,Amazon,Appliances,Large Appliances,32252,30631,23474,27.2,23.4,3.8,Genuine Deal,4.5,1594,6.3,4.1
PRD_1667,Fastrack Limitless FS1 - Series 2026,Amazon,Electronics,Smartwatches,27430,20585,23783,13.3,-15.5,28.8,Fake Discount (Hidden Markup),2.8,1612,15.7,3.7
PRD_1668,Nike Air Max SC - Lite,Flipkart,Fashion,Footwear,4386,3578,2661,39.3,25.6,13.7,Genuine Deal,4.0,470,4.7,3.5
PRD_1669,Milton Thermosteel Bottle - Plus,Flipkart,Home & Kitchen,Cookware & Dining,3105,2346,2271,26.9,3.2,23.7,Artificial / Slight Hike,4.3,1427,4.3,4.1
PRD_1670,LG 1.5 Ton 5 Star Inverter AC - Classic,Flipkart,Appliances,Large Appliances,32558,30196,30725,5.6,-1.8,7.4,Artificial / Slight Hike,4.3,2203,10.1,4.7
PRD_1671,Sparx Running Shoes - Lite,Amazon,Fashion,Footwear,7038,5427,5730,18.6,-5.6,24.2,Fake Discount (Hidden Markup),2.8,1712,15.4,4.3
PRD_1672,Redmi Note 13 Pro - Pro Edition,Flipkart,Electronics,Smartphones,69530,65774,69480,0.1,-5.6,5.7,Fake Discount (Hidden Markup),3.7,272,24.9,3.4
PRD_1673,Fastrack Limitless FS1 - Ultra,Flipkart,Electronics,Smartwatches,16760,14723,10884,35.1,26.1,9.0,Genuine Deal,4.5,522,10.0,4.5
PRD_1674,Prestige Omega Deluxe Granite Cookware - Pro Edition,Amazon,Home & Kitchen,Cookware & Dining,3122,2363,2095,32.9,11.3,21.6,Genuine Deal,4.8,1165,7.2,4.0
PRD_1675,Levi's Women Skinny Jeans - Classic,Amazon,Fashion,Women Apparel,3059,2466,2406,21.3,2.4,18.9,Artificial / Slight Hike,3.8,1067,10.1,3.4
PRD_1676,Philips Trimmer BT3231 - Plus,Amazon,Beauty & Personal Care,Grooming,2962,2754,2092,29.4,24.0,5.4,Genuine Deal,4.5,519,9.4,3.2
PRD_1677,Realme Narzo 60 - Standard,Amazon,Electronics,Smartphones,45602,40773,41453,9.1,-1.7,10.8,Artificial / Slight Hike,3.8,203,8.6,4.3
PRD_1678,IFB 7Kg Front Load Washing Machine - Classic,Amazon,Appliances,Large Appliances,22139,17718,18925,14.5,-6.8,21.3,Fake Discount (Hidden Markup),2.3,3275,18.8,4.1
PRD_1679,IFB 7Kg Front Load Washing Machine - Classic,Amazon,Appliances,Large Appliances,43063,40155,38754,10.0,3.5,6.5,Artificial / Slight Hike,3.9,118,8.3,4.2
PRD_1680,Zara Floral Dress - Series 2026,Amazon,Fashion,Women Apparel,2460,2042,1459,40.7,28.6,12.1,Genuine Deal,4.0,226,8.3,4.4
PRD_1681,Samsung 253L Double Door Refrigerator - Classic,Flipkart,Appliances,Large Appliances,36690,29941,33783,7.9,-12.8,20.7,Fake Discount (Hidden Markup),3.2,121,12.2,4.2
PRD_1682,Mamaearth Vitamin C Face Wash - Classic,Flipkart,Beauty & Personal Care,Skincare,775,614,696,10.2,-13.4,23.6,Fake Discount (Hidden Markup),2.8,2361,19.5,3.7
PRD_1683,Prestige Induction Cooktop - Series 2026,Amazon,Home & Kitchen,Kitchen Appliances,7490,5992,5776,22.9,3.6,19.3,Artificial / Slight Hike,4.4,1240,5.3,3.7
PRD_1684,Prestige Omega Deluxe Granite Cookware - Ultra,Flipkart,Home & Kitchen,Cookware & Dining,585,487,490,16.2,-0.6,16.8,Artificial / Slight Hike,4.2,1578,8.2,3.2
PRD_1685,HP Pavilion 15 - Lite,Amazon,Electronics,Laptops & Tablets,37998,28602,24917,34.4,12.9,21.5,Genuine Deal,3.7,2333,8.8,3.6
PRD_1686,Apple Watch SE - Series 2026,Amazon,Electronics,Smartwatches,4653,4018,3097,33.4,22.9,10.5,Genuine Deal,3.9,2856,10.5,4.2
PRD_1687,Sony WH-1000XM5 - Standard,Amazon,Electronics,Audio & Headphones,13755,10710,11713,14.8,-9.4,24.2,Fake Discount (Hidden Markup),3.2,288,13.5,3.9
PRD_1688,Mamaearth Vitamin C Face Wash - Classic,Flipkart,Beauty & Personal Care,Skincare,486,373,414,14.8,-11.0,25.8,Fake Discount (Hidden Markup),2.9,1591,15.8,3.4
PRD_1689,Braun Series 3 Shaver - Standard,Amazon,Beauty & Personal Care,Grooming,2332,2160,1780,23.7,17.6,6.1,Genuine Deal,4.5,440,9.3,4.0
PRD_1690,Philips Trimmer BT3231 - Series 2026,Amazon,Beauty & Personal Care,Grooming,1470,1380,1238,15.8,10.3,5.5,Genuine Deal,4.4,4360,5.5,3.5
PRD_1691,Noise ColorFit Pulse - Series 2026,Amazon,Electronics,Smartwatches,24349,21530,20835,14.4,3.2,11.2,Artificial / Slight Hike,3.6,324,6.5,3.9
PRD_1692,W for Woman Straight Kurti - Classic,Flipkart,Fashion,Women Apparel,2647,2215,2162,18.3,2.4,15.9,Artificial / Slight Hike,4.1,808,10.6,4.2
PRD_1693,Bajaj Mixer Grinder 750W - Plus,Flipkart,Home & Kitchen,Kitchen Appliances,8223,7017,8173,0.6,-16.5,17.1,Fake Discount (Hidden Markup),2.9,649,18.6,3.8
PRD_1694,Cetaphil Gentle Skin Cleanser - Classic,Amazon,Beauty & Personal Care,Skincare,1192,1101,1142,4.2,-3.7,7.9,Fake Discount (Hidden Markup),3.1,659,26.1,4.1
PRD_1695,Apple iPhone 15 - Ultra,Amazon,Electronics,Smartphones,46273,39583,40117,13.3,-1.3,14.6,Artificial / Slight Hike,4.2,65,10.8,3.7
PRD_1696,Prestige Induction Cooktop - Series 2026,Amazon,Home & Kitchen,Kitchen Appliances,7471,6955,4993,33.2,28.2,5.0,Genuine Deal,4.0,65,10.8,4.0
PRD_1697,Minimalist 10% Niacinamide Serum - Standard,Flipkart,Beauty & Personal Care,Skincare,1099,1033,1013,7.8,1.9,5.9,Artificial / Slight Hike,3.9,2836,4.2,4.8
PRD_1698,Levi's Women Skinny Jeans - Ultra,Flipkart,Fashion,Women Apparel,2013,1843,1339,33.5,27.3,6.2,Genuine Deal,4.6,2960,9.6,4.7
PRD_1699,Prestige Omega Deluxe Granite Cookware - Lite,Flipkart,Home & Kitchen,Cookware & Dining,2552,2291,2502,2.0,-9.2,11.2,Fake Discount (Hidden Markup),2.4,1418,12.4,4.2
PRD_1700,The Derma Co 1% Hyaluronic Sunscreen - Series 2026,Flipkart,Beauty & Personal Care,Skincare,533,504,338,36.6,32.9,3.7,Genuine Deal,4.1,42,6.3,3.7
PRD_1701,Mamaearth Vitamin C Face Wash - Series 2026,Flipkart,Beauty & Personal Care,Skincare,702,623,623,11.3,0.0,11.3,Artificial / Slight Hike,4.7,1313,5.4,3.4
PRD_1702,Braun Series 3 Shaver - Pro Edition,Amazon,Beauty & Personal Care,Grooming,2523,1911,1919,23.9,-0.4,24.3,Artificial / Slight Hike,4.0,1615,8.6,3.7
PRD_1703,boAt Rockerz 450 - Lite,Amazon,Electronics,Audio & Headphones,11311,9034,6564,42.0,27.3,14.7,Genuine Deal,3.7,733,9.7,4.3
PRD_1704,US Polo Assn Casual Shirt - Standard,Flipkart,Fashion,Men Apparel,1923,1482,1436,25.3,3.1,22.2,Artificial / Slight Hike,4.6,333,6.3,3.9
PRD_1705,Cetaphil Gentle Skin Cleanser - Lite,Flipkart,Beauty & Personal Care,Skincare,1025,901,905,11.7,-0.4,12.1,Artificial / Slight Hike,3.7,145,9.4,3.7
PRD_1706,Zara Floral Dress - Lite,Flipkart,Fashion,Women Apparel,4422,3963,2868,35.1,27.6,7.5,Genuine Deal,4.2,1495,3.8,3.3
PRD_1707,Milton Thermosteel Bottle - Series 2026,Flipkart,Home & Kitchen,Cookware & Dining,1114,844,820,26.4,2.8,23.6,Artificial / Slight Hike,4.1,340,5.7,4.0
PRD_1708,Voltas 1.5 Ton Split AC - Plus,Amazon,Appliances,Large Appliances,46665,42747,44966,3.6,-5.2,8.8,Fake Discount (Hidden Markup),3.1,735,17.3,4.2
PRD_1709,Puma Smash v2 - Pro Edition,Amazon,Fashion,Footwear,8481,6643,4966,41.4,25.2,16.2,Genuine Deal,4.4,818,6.0,3.7
PRD_1710,Noise Two Wireless - Classic,Flipkart,Electronics,Audio & Headphones,20189,16511,18902,6.4,-14.5,20.9,Fake Discount (Hidden Markup),2.2,2402,26.1,4.0
PRD_1711,Zara Floral Dress - Ultra,Flipkart,Fashion,Women Apparel,4171,3621,3668,12.1,-1.3,13.4,Artificial / Slight Hike,3.9,1747,9.5,3.9
PRD_1712,IFB 7Kg Front Load Washing Machine - Pro Edition,Amazon,Appliances,Large Appliances,27162,23115,22508,17.1,2.6,14.5,Artificial / Slight Hike,4.2,4387,5.4,4.3
PRD_1713,Borosil Glass Lunch Box Set - Classic,Amazon,Home & Kitchen,Cookware & Dining,1347,1233,1236,8.2,-0.2,8.4,Artificial / Slight Hike,4.4,1296,3.9,3.7
PRD_1714,The Derma Co 1% Hyaluronic Sunscreen - Classic,Amazon,Beauty & Personal Care,Skincare,1080,975,1030,4.6,-5.6,10.2,Fake Discount (Hidden Markup),4.0,1392,18.0,3.3
PRD_1715,Google Pixel 8 - Series 2026,Flipkart,Electronics,Smartphones,35151,32547,31938,9.1,1.9,7.2,Artificial / Slight Hike,4.1,46,10.6,3.7
PRD_1716,Fire-Boltt Ninja - Pro Edition,Flipkart,Electronics,Smartwatches,26625,24744,26575,0.2,-7.4,7.6,Fake Discount (Hidden Markup),2.5,603,23.4,3.9
PRD_1717,The Derma Co 1% Hyaluronic Sunscreen - Classic,Flipkart,Beauty & Personal Care,Skincare,678,578,467,31.1,19.2,11.9,Genuine Deal,3.7,707,8.5,3.5
PRD_1718,Van Heusen Formal Shirt - Series 2026,Amazon,Fashion,Men Apparel,1465,1204,1012,30.9,15.9,15.0,Genuine Deal,4.5,139,3.3,3.2
PRD_1719,Philips Air Fryer HD9200 - Pro Edition,Amazon,Home & Kitchen,Kitchen Appliances,4243,3904,2599,38.7,33.4,5.3,Genuine Deal,4.3,2499,5.9,3.9
PRD_1720,Sparx Running Shoes - Ultra,Amazon,Fashion,Footwear,8516,7124,7265,14.7,-2.0,16.7,Artificial / Slight Hike,4.8,645,3.9,4.5
PRD_1721,Apple Watch SE - Pro Edition,Flipkart,Electronics,Smartwatches,28185,22205,25989,7.8,-17.0,24.8,Fake Discount (Hidden Markup),3.9,568,23.7,3.4
PRD_1722,LG 1.5 Ton 5 Star Inverter AC - Pro Edition,Flipkart,Appliances,Large Appliances,46146,36415,30504,33.9,16.2,17.7,Genuine Deal,4.0,1065,4.3,4.9
PRD_1723,Borosil Glass Lunch Box Set - Ultra,Amazon,Home & Kitchen,Cookware & Dining,2343,2073,1636,30.2,21.1,9.1,Genuine Deal,3.9,148,10.3,3.3
PRD_1724,Van Heusen Formal Shirt - Pro Edition,Flipkart,Fashion,Men Apparel,1794,1584,1595,11.1,-0.7,11.8,Artificial / Slight Hike,4.4,1938,10.3,4.8
PRD_1725,Van Heusen Formal Shirt - Plus,Flipkart,Fashion,Men Apparel,1797,1398,915,49.1,34.5,14.6,Genuine Deal,4.4,127,9.3,3.5
PRD_1726,IFB 7Kg Front Load Washing Machine - Lite,Flipkart,Appliances,Large Appliances,37513,31099,30198,19.5,2.9,16.6,Artificial / Slight Hike,3.7,839,9.5,3.4
PRD_1727,Voltas 1.5 Ton Split AC - Pro Edition,Flipkart,Appliances,Large Appliances,35253,30511,27258,22.7,10.7,12.0,Genuine Deal,4.0,2501,10.8,3.8
PRD_1728,Morphy Richards Oven Toast - Ultra,Flipkart,Home & Kitchen,Kitchen Appliances,1670,1561,1501,10.1,3.8,6.3,Artificial / Slight Hike,4.5,271,3.6,4.5
PRD_1729,Morphy Richards Oven Toast - Standard,Amazon,Home & Kitchen,Kitchen Appliances,1769,1387,1503,15.0,-8.4,23.4,Fake Discount (Hidden Markup),3.5,69,15.4,3.5
PRD_1730,Borosil Glass Lunch Box Set - Series 2026,Flipkart,Home & Kitchen,Cookware & Dining,2279,1947,1738,23.7,10.7,13.0,Genuine Deal,4.4,445,6.2,4.7
PRD_1731,IFB 7Kg Front Load Washing Machine - Series 2026,Flipkart,Appliances,Large Appliances,24740,22589,17260,30.2,23.6,6.6,Genuine Deal,4.5,1359,4.7,4.4
PRD_1732,Philips Trimmer BT3231 - Ultra,Amazon,Beauty & Personal Care,Grooming,2542,2212,1896,25.4,14.3,11.1,Genuine Deal,4.0,1049,7.9,3.5
PRD_1733,Nike Air Max SC - Lite,Flipkart,Fashion,Footwear,1304,1048,1113,14.6,-6.2,20.8,Fake Discount (Hidden Markup),3.0,2175,27.4,4.0
PRD_1734,Philips Air Fryer HD9200 - Ultra,Flipkart,Home & Kitchen,Kitchen Appliances,5969,5040,5844,2.1,-16.0,18.1,Fake Discount (Hidden Markup),2.8,1200,12.2,4.4
PRD_1735,HP Pavilion 15 - Standard,Amazon,Electronics,Laptops & Tablets,59174,55471,54286,8.3,2.1,6.2,Artificial / Slight Hike,4.4,779,7.3,3.7
PRD_1736,Morphy Richards Oven Toast - Series 2026,Flipkart,Home & Kitchen,Kitchen Appliances,6391,5853,5670,11.3,3.1,8.2,Artificial / Slight Hike,3.9,4472,6.9,3.8
PRD_1737,Borosil Glass Lunch Box Set - Ultra,Flipkart,Home & Kitchen,Cookware & Dining,813,616,599,26.3,2.8,23.5,Artificial / Slight Hike,4.5,737,7.7,4.7
PRD_1738,Havells Multi-Grooming Kit - Lite,Amazon,Beauty & Personal Care,Grooming,2591,2182,2198,15.2,-0.7,15.9,Artificial / Slight Hike,3.6,875,4.9,3.8
PRD_1739,Borosil Glass Lunch Box Set - Series 2026,Amazon,Home & Kitchen,Cookware & Dining,2082,1922,1357,34.8,29.4,5.4,Genuine Deal,4.3,214,9.1,4.2
PRD_1740,W for Woman Straight Kurti - Series 2026,Amazon,Fashion,Women Apparel,3676,3294,3359,8.6,-2.0,10.6,Artificial / Slight Hike,4.7,1516,3.2,3.3
PRD_1741,Samsung 253L Double Door Refrigerator - Ultra,Amazon,Appliances,Large Appliances,33702,31867,31712,5.9,0.5,5.4,Artificial / Slight Hike,4.0,1293,4.7,3.9
PRD_1742,OnePlus Bullets Z2 - Standard,Amazon,Electronics,Audio & Headphones,7926,7088,7876,0.6,-11.1,11.7,Fake Discount (Hidden Markup),3.6,2934,26.7,4.5
PRD_1743,ASUS Vivobook 15 - Lite,Flipkart,Electronics,Laptops & Tablets,74564,59518,58427,21.6,1.8,19.8,Artificial / Slight Hike,4.8,463,3.8,4.2
PRD_1744,MacBook Air M2 - Plus,Amazon,Electronics,Laptops & Tablets,33406,25670,25140,24.7,2.1,22.6,Artificial / Slight Hike,4.3,223,9.3,3.9
PRD_1745,LG 1.5 Ton 5 Star Inverter AC - Lite,Flipkart,Appliances,Large Appliances,30229,28502,20207,33.2,29.1,4.1,Genuine Deal,3.6,128,10.5,4.6
PRD_1746,The Derma Co 1% Hyaluronic Sunscreen - Series 2026,Flipkart,Beauty & Personal Care,Skincare,558,492,497,10.9,-1.0,11.9,Artificial / Slight Hike,3.6,989,10.0,4.2
PRD_1747,Mamaearth Vitamin C Face Wash - Standard,Amazon,Beauty & Personal Care,Skincare,300,249,250,16.7,-0.4,17.1,Fake Discount (Hidden Markup),2.5,1516,22.4,4.4
PRD_1748,Minimalist 10% Niacinamide Serum - Pro Edition,Flipkart,Beauty & Personal Care,Skincare,537,471,366,31.8,22.3,9.5,Genuine Deal,4.6,156,8.3,4.0
PRD_1749,Milton Thermosteel Bottle - Lite,Amazon,Home & Kitchen,Cookware & Dining,2676,2023,1623,39.3,19.8,19.5,Genuine Deal,4.1,218,7.6,3.5
PRD_1750,Havells Multi-Grooming Kit - Plus,Flipkart,Beauty & Personal Care,Grooming,2818,2216,1518,46.1,31.5,14.6,Genuine Deal,4.4,2050,5.7,4.6
PRD_1751,Braun Series 3 Shaver - Ultra,Flipkart,Beauty & Personal Care,Grooming,1164,954,949,18.5,0.5,18.0,Artificial / Slight Hike,4.5,1100,3.5,4.5
PRD_1752,Braun Series 3 Shaver - Classic,Amazon,Beauty & Personal Care,Grooming,2802,2167,2139,23.7,1.3,22.4,Artificial / Slight Hike,4.8,733,10.2,3.7
PRD_1753,IFB 7Kg Front Load Washing Machine - Pro Edition,Amazon,Appliances,Large Appliances,29298,21977,17972,38.7,18.2,20.5,Genuine Deal,4.5,311,5.4,3.5
PRD_1754,Voltas 1.5 Ton Split AC - Lite,Amazon,Appliances,Large Appliances,34052,29146,33493,1.6,-14.9,16.5,Fake Discount (Hidden Markup),3.1,2275,22.7,3.2
PRD_1755,Minimalist 10% Niacinamide Serum - Series 2026,Flipkart,Beauty & Personal Care,Skincare,1134,1062,848,25.2,20.2,5.0,Genuine Deal,3.6,1697,7.0,4.6
PRD_1756,Lenovo IdeaPad Slim 3 - Classic,Flipkart,Electronics,Laptops & Tablets,61722,56724,46381,24.9,18.2,6.7,Genuine Deal,4.2,2818,7.6,3.9
PRD_1757,Biba Printed Anarkali Kurta - Lite,Amazon,Fashion,Women Apparel,3147,2925,3097,1.6,-5.9,7.5,Fake Discount (Hidden Markup),4.1,2175,22.2,4.6
PRD_1758,Zara Floral Dress - Series 2026,Amazon,Fashion,Women Apparel,2475,2232,2425,2.0,-8.6,10.6,Fake Discount (Hidden Markup),4.1,993,25.0,4.8
PRD_1759,Prestige Induction Cooktop - Series 2026,Amazon,Home & Kitchen,Kitchen Appliances,5097,4415,4356,14.5,1.3,13.2,Artificial / Slight Hike,4.2,3164,5.4,4.2
PRD_1760,Cetaphil Gentle Skin Cleanser - Series 2026,Amazon,Beauty & Personal Care,Skincare,1164,989,781,32.9,21.0,11.9,Genuine Deal,4.2,622,10.2,4.8
PRD_1761,Borosil Glass Lunch Box Set - Series 2026,Amazon,Home & Kitchen,Cookware & Dining,3645,2783,2926,19.7,-5.1,24.8,Fake Discount (Hidden Markup),2.4,50,22.5,3.3
PRD_1762,IFB 7Kg Front Load Washing Machine - Pro Edition,Flipkart,Appliances,Large Appliances,22890,20965,20637,9.8,1.6,8.2,Artificial / Slight Hike,3.8,2837,6.2,4.9
PRD_1763,Sony WH-1000XM5 - Plus,Amazon,Electronics,Audio & Headphones,12781,10484,7846,38.6,25.2,13.4,Genuine Deal,4.3,1896,3.2,3.2
PRD_1764,JBL Tune 510BT - Lite,Amazon,Electronics,Audio & Headphones,17587,15050,14513,17.5,3.6,13.9,Artificial / Slight Hike,4.7,344,5.6,3.6
PRD_1765,Borosil Glass Lunch Box Set - Standard,Amazon,Home & Kitchen,Cookware & Dining,737,593,644,12.6,-8.6,21.2,Fake Discount (Hidden Markup),3.4,2659,18.8,4.6
PRD_1766,Philips Trimmer BT3231 - Classic,Amazon,Beauty & Personal Care,Grooming,3288,2674,2610,20.6,2.4,18.2,Artificial / Slight Hike,4.8,1191,9.7,4.3
PRD_1767,Biba Printed Anarkali Kurta - Series 2026,Flipkart,Fashion,Women Apparel,3524,3170,3160,10.3,0.3,10.0,Artificial / Slight Hike,4.9,120,6.1,3.4
PRD_1768,IFB 7Kg Front Load Washing Machine - Lite,Flipkart,Appliances,Large Appliances,29336,26500,26981,8.0,-1.8,9.8,Artificial / Slight Hike,4.4,806,9.1,4.8
PRD_1769,LG 1.5 Ton 5 Star Inverter AC - Standard,Amazon,Appliances,Large Appliances,42209,33074,28002,33.7,15.3,18.4,Genuine Deal,4.1,668,8.9,4.5
PRD_1770,IFB 7Kg Front Load Washing Machine - Classic,Amazon,Appliances,Large Appliances,28472,23686,21161,25.7,10.7,15.0,Genuine Deal,3.9,2878,7.3,4.6
PRD_1771,Voltas 1.5 Ton Split AC - Lite,Amazon,Appliances,Large Appliances,40324,35572,29537,26.8,17.0,9.8,Genuine Deal,4.6,2025,5.8,3.7
PRD_1772,Mamaearth Vitamin C Face Wash - Lite,Amazon,Beauty & Personal Care,Skincare,746,599,439,41.2,26.7,14.5,Genuine Deal,4.8,201,3.5,4.4
PRD_1773,W for Woman Straight Kurti - Classic,Amazon,Fashion,Women Apparel,1299,1035,1034,20.4,0.1,20.3,Artificial / Slight Hike,3.8,1697,7.4,3.7
PRD_1774,MacBook Air M2 - Plus,Amazon,Electronics,Laptops & Tablets,73329,60784,54150,26.2,10.9,15.3,Genuine Deal,4.4,128,5.4,4.5
PRD_1775,Philips Air Fryer HD9200 - Standard,Flipkart,Home & Kitchen,Kitchen Appliances,4364,3300,3338,23.5,-1.2,24.7,Artificial / Slight Hike,4.1,936,6.1,4.6
PRD_1776,Borosil Glass Lunch Box Set - Standard,Flipkart,Home & Kitchen,Cookware & Dining,2290,1743,1349,41.1,22.6,18.5,Genuine Deal,4.4,80,10.4,4.2
PRD_1777,The Derma Co 1% Hyaluronic Sunscreen - Plus,Flipkart,Beauty & Personal Care,Skincare,959,732,727,24.2,0.7,23.5,Artificial / Slight Hike,3.7,782,10.4,3.2
PRD_1778,Samsung 253L Double Door Refrigerator - Standard,Flipkart,Appliances,Large Appliances,47858,41444,42012,12.2,-1.4,13.6,Artificial / Slight Hike,4.2,2186,4.9,4.5
PRD_1779,Milton Thermosteel Bottle - Lite,Flipkart,Home & Kitchen,Cookware & Dining,1202,1033,1014,15.6,1.8,13.8,Artificial / Slight Hike,4.5,144,4.8,4.8
PRD_1780,Bajaj Mixer Grinder 750W - Pro Edition,Amazon,Home & Kitchen,Kitchen Appliances,10191,9335,10141,0.5,-8.6,9.1,Fake Discount (Hidden Markup),4.0,968,26.6,3.8
PRD_1781,LG 1.5 Ton 5 Star Inverter AC - Lite,Amazon,Appliances,Large Appliances,32382,29566,25318,21.8,14.4,7.4,Genuine Deal,4.7,1115,5.4,4.1
PRD_1782,Fastrack Limitless FS1 - Lite,Amazon,Electronics,Smartwatches,11414,10482,9380,17.8,10.5,7.3,Genuine Deal,4.1,2485,7.3,4.4
PRD_1783,Allen Solly Polo T-Shirt - Lite,Flipkart,Fashion,Men Apparel,2853,2212,1944,31.9,12.1,19.8,Genuine Deal,4.2,2140,7.1,4.0
PRD_1784,Fire-Boltt Ninja - Ultra,Amazon,Electronics,Smartwatches,21416,18193,18550,13.4,-2.0,15.4,Artificial / Slight Hike,4.4,549,9.8,3.4
PRD_1785,US Polo Assn Casual Shirt - Standard,Flipkart,Fashion,Men Apparel,2367,1943,1314,44.5,32.4,12.1,Genuine Deal,4.1,764,5.5,3.9
PRD_1786,Mamaearth Vitamin C Face Wash - Standard,Flipkart,Beauty & Personal Care,Skincare,1042,784,786,24.6,-0.3,24.9,Artificial / Slight Hike,4.1,1742,4.4,4.5
PRD_1787,Allen Solly Polo T-Shirt - Ultra,Flipkart,Fashion,Men Apparel,1221,1076,1156,5.3,-7.4,12.7,Fake Discount (Hidden Markup),3.4,3717,22.5,4.5
PRD_1788,Fire-Boltt Ninja - Lite,Flipkart,Electronics,Smartwatches,5051,4195,3691,26.9,12.0,14.9,Genuine Deal,4.2,498,7.4,4.4
PRD_1789,LG 1.5 Ton 5 Star Inverter AC - Series 2026,Amazon,Appliances,Large Appliances,41752,33204,32649,21.8,1.7,20.1,Artificial / Slight Hike,4.1,2187,8.6,4.4
PRD_1790,Philips Air Fryer HD9200 - Series 2026,Amazon,Home & Kitchen,Kitchen Appliances,7958,6670,6764,15.0,-1.4,16.4,Artificial / Slight Hike,4.8,581,9.3,4.2
PRD_1791,Zara Floral Dress - Ultra,Flipkart,Fashion,Women Apparel,3320,2588,2557,23.0,1.2,21.8,Artificial / Slight Hike,4.1,171,4.3,4.5
PRD_1792,OnePlus 12R - Classic,Amazon,Electronics,Smartphones,79012,73637,78962,0.1,-7.2,7.3,Fake Discount (Hidden Markup),3.3,1402,16.7,4.6
PRD_1793,Voltas 1.5 Ton Split AC - Series 2026,Amazon,Appliances,Large Appliances,35458,30976,31382,11.5,-1.3,12.8,Artificial / Slight Hike,4.9,533,6.4,4.4
PRD_1794,Redmi Note 13 Pro - Pro Edition,Amazon,Electronics,Smartphones,65369,60695,65319,0.1,-7.6,7.7,Fake Discount (Hidden Markup),2.5,476,14.3,4.9
PRD_1795,LG 1.5 Ton 5 Star Inverter AC - Series 2026,Flipkart,Appliances,Large Appliances,34735,29403,28241,18.7,4.0,14.7,Artificial / Slight Hike,4.8,161,5.5,4.6
PRD_1796,Samsung Galaxy S23 - Standard,Flipkart,Electronics,Smartphones,64779,57709,55593,14.2,3.7,10.5,Artificial / Slight Hike,4.7,1622,8.9,3.5
PRD_1797,Braun Series 3 Shaver - Series 2026,Flipkart,Beauty & Personal Care,Grooming,1282,990,1093,14.7,-10.4,25.1,Fake Discount (Hidden Markup),3.1,1640,17.9,4.5
PRD_1798,Realme Narzo 60 - Lite,Amazon,Electronics,Smartphones,67210,53167,52823,21.4,0.6,20.8,Artificial / Slight Hike,4.6,2329,8.0,4.6
PRD_1799,Samsung 253L Double Door Refrigerator - Ultra,Flipkart,Appliances,Large Appliances,34684,28079,27171,21.7,3.2,18.5,Artificial / Slight Hike,4.0,3329,3.7,3.8
PRD_1800,IFB 7Kg Front Load Washing Machine - Series 2026,Flipkart,Appliances,Large Appliances,25243,23029,15368,39.1,33.3,5.8,Genuine Deal,4.6,835,6.5,3.7
PRD_1801,IFB 7Kg Front Load Washing Machine - Lite,Amazon,Appliances,Large Appliances,33986,30071,29584,13.0,1.6,11.4,Artificial / Slight Hike,4.9,2397,10.5,4.7
PRD_1802,Fastrack Limitless FS1 - Classic,Flipkart,Electronics,Smartwatches,28736,23165,22670,21.1,2.1,19.0,Artificial / Slight Hike,4.8,939,5.0,4.4
PRD_1803,Van Heusen Formal Shirt - Classic,Amazon,Fashion,Men Apparel,2908,2486,2726,6.3,-9.7,16.0,Fake Discount (Hidden Markup),4.0,1107,20.5,3.3
PRD_1804,Borosil Glass Lunch Box Set - Standard,Amazon,Home & Kitchen,Cookware & Dining,1925,1671,1649,14.3,1.3,13.0,Artificial / Slight Hike,4.2,842,4.1,3.5
PRD_1805,Biba Printed Anarkali Kurta - Classic,Flipkart,Fashion,Women Apparel,3206,2788,3156,1.6,-13.2,14.8,Fake Discount (Hidden Markup),3.6,3883,17.9,4.6
PRD_1806,Milton Thermosteel Bottle - Ultra,Flipkart,Home & Kitchen,Cookware & Dining,1499,1342,1414,5.7,-5.4,11.1,Fake Discount (Hidden Markup),2.3,287,16.4,3.6
PRD_1807,Braun Series 3 Shaver - Classic,Flipkart,Beauty & Personal Care,Grooming,1455,1333,975,33.0,26.9,6.1,Genuine Deal,4.2,328,10.9,3.7
PRD_1808,Voltas 1.5 Ton Split AC - Lite,Flipkart,Appliances,Large Appliances,46280,36470,38735,16.3,-6.2,22.5,Fake Discount (Hidden Markup),3.6,1381,27.4,4.2
PRD_1809,Samsung 253L Double Door Refrigerator - Standard,Amazon,Appliances,Large Appliances,46254,43237,42319,8.5,2.1,6.4,Artificial / Slight Hike,4.6,2895,7.7,4.8
PRD_1810,Morphy Richards Oven Toast - Series 2026,Amazon,Home & Kitchen,Kitchen Appliances,4629,3900,4524,2.3,-16.0,18.3,Fake Discount (Hidden Markup),2.4,1087,13.5,4.1
PRD_1811,Bajaj Mixer Grinder 750W - Plus,Flipkart,Home & Kitchen,Kitchen Appliances,6447,5546,4824,25.2,13.0,12.2,Genuine Deal,3.7,323,9.1,3.3
PRD_1812,IFB 7Kg Front Load Washing Machine - Plus,Amazon,Appliances,Large Appliances,25288,21927,15123,40.2,31.0,9.2,Genuine Deal,4.3,344,4.1,4.0
PRD_1813,The Derma Co 1% Hyaluronic Sunscreen - Classic,Flipkart,Beauty & Personal Care,Skincare,1049,912,882,15.9,3.3,12.6,Artificial / Slight Hike,3.9,1719,9.5,3.8
PRD_1814,IFB 7Kg Front Load Washing Machine - Ultra,Amazon,Appliances,Large Appliances,35180,28584,27765,21.1,2.9,18.2,Artificial / Slight Hike,3.7,414,5.4,3.4
PRD_1815,Sparx Running Shoes - Classic,Flipkart,Fashion,Footwear,11736,9636,6271,46.6,34.9,11.7,Genuine Deal,4.8,2113,7.1,4.6
PRD_1816,ASUS Vivobook 15 - Standard,Flipkart,Electronics,Laptops & Tablets,69604,59617,57964,16.7,2.8,13.9,Artificial / Slight Hike,4.9,1043,6.7,4.0
PRD_1817,The Derma Co 1% Hyaluronic Sunscreen - Standard,Flipkart,Beauty & Personal Care,Skincare,787,733,514,34.7,29.9,4.8,Genuine Deal,3.9,99,5.7,3.5
PRD_1818,Levi's 511 Slim Jeans - Lite,Amazon,Fashion,Men Apparel,1618,1451,1048,35.2,27.8,7.4,Genuine Deal,4.1,146,7.4,4.6
PRD_1819,Bajaj Mixer Grinder 750W - Plus,Amazon,Home & Kitchen,Kitchen Appliances,3491,2698,2682,23.2,0.6,22.6,Artificial / Slight Hike,3.8,1708,10.5,3.6
PRD_1820,Fire-Boltt Ninja - Ultra,Flipkart,Electronics,Smartwatches,5701,4995,5042,11.6,-0.9,12.5,Artificial / Slight Hike,4.4,525,8.6,4.4
PRD_1821,Lenovo IdeaPad Slim 3 - Pro Edition,Flipkart,Electronics,Laptops & Tablets,46325,38410,41951,9.4,-9.2,18.6,Fake Discount (Hidden Markup),2.9,1007,18.5,3.6
PRD_1822,Puma Smash v2 - Classic,Amazon,Fashion,Footwear,10157,9318,10107,0.5,-8.5,9.0,Fake Discount (Hidden Markup),3.1,672,25.3,3.5
PRD_1823,Borosil Glass Lunch Box Set - Pro Edition,Amazon,Home & Kitchen,Cookware & Dining,3319,2627,2556,23.0,2.7,20.3,Artificial / Slight Hike,3.8,2502,3.4,3.3
PRD_1824,Prestige Induction Cooktop - Series 2026,Flipkart,Home & Kitchen,Kitchen Appliances,9824,8747,7214,26.6,17.5,9.1,Genuine Deal,4.4,938,6.0,4.7
PRD_1825,Prestige Induction Cooktop - Pro Edition,Amazon,Home & Kitchen,Kitchen Appliances,6716,5105,5516,17.9,-8.1,26.0,Fake Discount (Hidden Markup),3.6,29,18.0,3.2
PRD_1826,Borosil Glass Lunch Box Set - Series 2026,Amazon,Home & Kitchen,Cookware & Dining,3445,3265,2928,15.0,10.3,4.7,Genuine Deal,3.7,86,5.4,4.2
PRD_1827,HP Pavilion 15 - Classic,Amazon,Electronics,Laptops & Tablets,37175,31838,23892,35.7,25.0,10.7,Genuine Deal,3.9,894,7.2,4.8
PRD_1828,Google Pixel 8 - Classic,Amazon,Electronics,Smartphones,69403,61971,68553,1.2,-10.6,11.8,Fake Discount (Hidden Markup),3.8,271,25.2,4.4
PRD_1829,ASUS Vivobook 15 - Standard,Amazon,Electronics,Laptops & Tablets,77161,69756,50307,34.8,27.9,6.9,Genuine Deal,3.8,345,3.8,3.8
PRD_1830,LG 1.5 Ton 5 Star Inverter AC - Pro Edition,Flipkart,Appliances,Large Appliances,25502,23457,25452,0.2,-8.5,8.7,Fake Discount (Hidden Markup),2.7,546,19.0,3.3
PRD_1831,Minimalist 10% Niacinamide Serum - Classic,Flipkart,Beauty & Personal Care,Skincare,607,493,353,41.8,28.4,13.4,Genuine Deal,4.2,3731,9.5,4.8
PRD_1832,Mamaearth Vitamin C Face Wash - Standard,Amazon,Beauty & Personal Care,Skincare,952,881,723,24.1,17.9,6.2,Genuine Deal,4.4,625,8.2,3.3
PRD_1833,Levi's Women Skinny Jeans - Plus,Amazon,Fashion,Women Apparel,3033,2393,2706,10.8,-13.1,23.9,Fake Discount (Hidden Markup),2.1,146,15.0,3.8
PRD_1834,The Derma Co 1% Hyaluronic Sunscreen - Plus,Flipkart,Beauty & Personal Care,Skincare,882,756,751,14.9,0.7,14.2,Artificial / Slight Hike,4.8,892,4.7,4.5
PRD_1835,LG 1.5 Ton 5 Star Inverter AC - Ultra,Amazon,Appliances,Large Appliances,46701,42689,37999,18.6,11.0,7.6,Genuine Deal,4.4,3839,3.5,3.4
PRD_1836,Realme Narzo 60 - Series 2026,Amazon,Electronics,Smartphones,32007,26294,22235,30.5,15.4,15.1,Genuine Deal,3.9,4081,6.9,4.6
PRD_1837,Bata Formal Oxford - Plus,Amazon,Fashion,Footwear,1857,1396,1480,20.3,-6.0,26.3,Fake Discount (Hidden Markup),4.0,2254,17.8,3.9
PRD_1838,boAt Rockerz 450 - Lite,Amazon,Electronics,Audio & Headphones,3182,2978,2464,22.6,17.3,5.3,Genuine Deal,4.6,74,4.3,3.9
PRD_1839,Van Heusen Formal Shirt - Series 2026,Flipkart,Fashion,Men Apparel,935,711,698,25.3,1.8,23.5,Artificial / Slight Hike,4.4,155,9.6,4.1
PRD_1840,Braun Series 3 Shaver - Plus,Flipkart,Beauty & Personal Care,Grooming,1109,900,897,19.1,0.3,18.8,Artificial / Slight Hike,4.0,2679,8.0,4.0
PRD_1841,Adidas Ultraboost Light - Lite,Amazon,Fashion,Footwear,1488,1398,1140,23.4,18.5,4.9,Genuine Deal,4.5,82,8.9,3.6
PRD_1842,Bajaj Mixer Grinder 750W - Ultra,Amazon,Home & Kitchen,Kitchen Appliances,2957,2560,1977,33.1,22.8,10.3,Genuine Deal,4.2,1313,9.1,4.0
PRD_1843,Sparx Running Shoes - Lite,Amazon,Fashion,Footwear,5005,4256,3573,28.6,16.0,12.6,Genuine Deal,4.1,1796,3.2,3.5
PRD_1844,Minimalist 10% Niacinamide Serum - Lite,Flipkart,Beauty & Personal Care,Skincare,1032,878,628,39.1,28.5,10.6,Genuine Deal,4.5,2824,5.0,3.4
PRD_1845,Google Pixel 8 - Standard,Amazon,Electronics,Smartphones,80712,65016,51327,36.4,21.1,15.3,Genuine Deal,3.7,1643,6.1,3.9
PRD_1846,Samsung Galaxy Watch 6 - Ultra,Flipkart,Electronics,Smartwatches,30675,23966,24021,21.7,-0.2,21.9,Artificial / Slight Hike,4.8,1956,5.2,4.8
PRD_1847,Zara Floral Dress - Classic,Amazon,Fashion,Women Apparel,3238,3015,3045,6.0,-1.0,7.0,Artificial / Slight Hike,4.1,5246,9.7,3.7
PRD_1848,Dell Inspiron 3520 - Standard,Amazon,Electronics,Laptops & Tablets,61107,49507,54385,11.0,-9.9,20.9,Fake Discount (Hidden Markup),3.9,3222,26.7,3.7
PRD_1849,IFB 7Kg Front Load Washing Machine - Series 2026,Flipkart,Appliances,Large Appliances,23020,20462,20812,9.6,-1.7,11.3,Artificial / Slight Hike,3.9,1851,8.6,4.0
PRD_1850,The Derma Co 1% Hyaluronic Sunscreen - Standard,Amazon,Beauty & Personal Care,Skincare,658,548,580,11.9,-5.8,17.7,Fake Discount (Hidden Markup),3.1,871,17.3,3.2
PRD_1851,Voltas 1.5 Ton Split AC - Ultra,Amazon,Appliances,Large Appliances,47021,40321,40507,13.9,-0.5,14.4,Artificial / Slight Hike,3.6,159,5.2,4.3
PRD_1852,Braun Series 3 Shaver - Series 2026,Amazon,Beauty & Personal Care,Grooming,1569,1257,1221,22.2,2.9,19.3,Artificial / Slight Hike,4.6,1528,4.7,4.6
PRD_1853,LG 1.5 Ton 5 Star Inverter AC - Standard,Amazon,Appliances,Large Appliances,31163,26146,17912,42.5,31.5,11.0,Genuine Deal,3.9,806,4.8,4.0
PRD_1854,IFB 7Kg Front Load Washing Machine - Plus,Flipkart,Appliances,Large Appliances,38356,30354,23382,39.0,23.0,16.0,Genuine Deal,4.6,233,5.1,3.8
PRD_1855,Van Heusen Formal Shirt - Plus,Flipkart,Fashion,Men Apparel,1926,1726,1876,2.6,-8.7,11.3,Fake Discount (Hidden Markup),3.8,1576,18.9,4.1
PRD_1856,Borosil Glass Lunch Box Set - Standard,Flipkart,Home & Kitchen,Cookware & Dining,615,479,480,22.0,-0.2,22.2,Artificial / Slight Hike,4.5,459,9.3,3.3
PRD_1857,Havells Multi-Grooming Kit - Series 2026,Amazon,Beauty & Personal Care,Grooming,3160,2638,2854,9.7,-8.2,17.9,Fake Discount (Hidden Markup),2.3,1246,13.1,4.8
PRD_1858,HP Pavilion 15 - Lite,Amazon,Electronics,Laptops & Tablets,87497,79367,77330,11.6,2.6,9.0,Artificial / Slight Hike,4.9,1763,4.4,3.8
PRD_1859,Borosil Glass Lunch Box Set - Lite,Flipkart,Home & Kitchen,Cookware & Dining,2126,1791,1973,7.2,-10.2,17.4,Fake Discount (Hidden Markup),3.3,618,17.8,4.4
PRD_1860,Samsung 253L Double Door Refrigerator - Plus,Amazon,Appliances,Large Appliances,39130,32109,28889,26.2,10.0,16.2,Genuine Deal,3.7,1074,9.1,3.3
PRD_1861,Samsung 253L Double Door Refrigerator - Plus,Flipkart,Appliances,Large Appliances,46069,37819,36464,20.8,3.6,17.2,Artificial / Slight Hike,4.6,188,4.6,4.3
PRD_1862,Levi's Women Skinny Jeans - Lite,Flipkart,Fashion,Women Apparel,3075,2314,2344,23.8,-1.3,25.1,Artificial / Slight Hike,4.7,1822,5.0,4.8
PRD_1863,LG 1.5 Ton 5 Star Inverter AC - Series 2026,Flipkart,Appliances,Large Appliances,35044,31366,30635,12.6,2.3,10.3,Artificial / Slight Hike,4.7,6252,6.8,4.9
PRD_1864,Nike Air Max SC - Pro Edition,Flipkart,Fashion,Footwear,5384,4150,2702,49.8,34.9,14.9,Genuine Deal,3.8,2668,3.1,3.6
PRD_1865,Prestige Induction Cooktop - Standard,Flipkart,Home & Kitchen,Kitchen Appliances,4293,3468,2768,35.5,20.2,15.3,Genuine Deal,4.7,1093,5.9,4.1
PRD_1866,Bata Formal Oxford - Lite,Flipkart,Fashion,Footwear,10191,7746,8619,15.4,-11.3,26.7,Fake Discount (Hidden Markup),2.8,633,14.5,3.8
PRD_1867,Samsung 253L Double Door Refrigerator - Standard,Flipkart,Appliances,Large Appliances,40938,33620,29967,26.8,10.9,15.9,Genuine Deal,4.0,295,9.1,4.4
PRD_1868,Nike Air Max SC - Plus,Flipkart,Fashion,Footwear,4969,4004,3982,19.9,0.5,19.4,Artificial / Slight Hike,4.3,3321,5.9,3.3
PRD_1869,Zara Floral Dress - Lite,Flipkart,Fashion,Women Apparel,1399,1246,1264,9.6,-1.4,11.0,Artificial / Slight Hike,4.7,1589,8.8,3.4
PRD_1870,Noise Two Wireless - Classic,Amazon,Electronics,Audio & Headphones,2356,2227,1921,18.5,13.7,4.8,Genuine Deal,4.3,616,10.3,4.6
PRD_1871,Voltas 1.5 Ton Split AC - Lite,Amazon,Appliances,Large Appliances,45612,42446,42145,7.6,0.7,6.9,Artificial / Slight Hike,4.8,305,4.0,3.3
PRD_1872,Minimalist 10% Niacinamide Serum - Classic,Amazon,Beauty & Personal Care,Skincare,852,718,566,33.6,21.2,12.4,Genuine Deal,4.9,2707,9.7,4.6
PRD_1873,Zara Floral Dress - Lite,Flipkart,Fashion,Women Apparel,2167,1717,1742,19.6,-1.5,21.1,Artificial / Slight Hike,4.7,286,8.4,3.3
PRD_1874,Braun Series 3 Shaver - Ultra,Amazon,Beauty & Personal Care,Grooming,1290,989,975,24.4,1.4,23.0,Artificial / Slight Hike,4.8,543,7.2,4.6
PRD_1875,Prestige Omega Deluxe Granite Cookware - Ultra,Flipkart,Home & Kitchen,Cookware & Dining,3305,2616,3014,8.8,-15.2,24.0,Fake Discount (Hidden Markup),3.6,20,25.7,3.8
PRD_1876,W for Woman Straight Kurti - Ultra,Amazon,Fashion,Women Apparel,1854,1636,1587,14.4,3.0,11.4,Artificial / Slight Hike,4.8,2241,9.0,4.0
PRD_1877,Borosil Glass Lunch Box Set - Plus,Flipkart,Home & Kitchen,Cookware & Dining,2036,1546,1556,23.6,-0.6,24.2,Artificial / Slight Hike,4.2,489,8.4,3.3
PRD_1878,Sennheiser HD 450SE - Standard,Amazon,Electronics,Audio & Headphones,4664,3630,4258,8.7,-17.3,26.0,Fake Discount (Hidden Markup),2.9,581,15.5,3.8
PRD_1879,Bajaj Mixer Grinder 750W - Lite,Amazon,Home & Kitchen,Kitchen Appliances,4512,3438,3047,32.5,11.4,21.1,Genuine Deal,4.6,1113,8.6,4.0
PRD_1880,Prestige Omega Deluxe Granite Cookware - Standard,Flipkart,Home & Kitchen,Cookware & Dining,2002,1515,1477,26.2,2.5,23.7,Artificial / Slight Hike,4.8,34,7.7,3.3
PRD_1881,Cetaphil Gentle Skin Cleanser - Series 2026,Amazon,Beauty & Personal Care,Skincare,482,431,414,14.1,3.9,10.2,Artificial / Slight Hike,4.4,3864,10.5,3.6
PRD_1882,Samsung 253L Double Door Refrigerator - Ultra,Amazon,Appliances,Large Appliances,24593,18828,15886,35.4,15.6,19.8,Genuine Deal,4.3,1179,9.1,3.6
PRD_1883,IFB 7Kg Front Load Washing Machine - Plus,Flipkart,Appliances,Large Appliances,45211,34949,34671,23.3,0.8,22.5,Artificial / Slight Hike,4.3,520,4.1,3.5
PRD_1884,Philips Air Fryer HD9200 - Classic,Flipkart,Home & Kitchen,Kitchen Appliances,8413,7787,7614,9.5,2.2,7.3,Artificial / Slight Hike,4.2,2538,4.9,4.5
PRD_1885,Philips Air Fryer HD9200 - Pro Edition,Flipkart,Home & Kitchen,Kitchen Appliances,7538,6703,7277,3.5,-8.6,12.1,Fake Discount (Hidden Markup),2.5,90,19.1,4.9
PRD_1886,HP Pavilion 15 - Pro Edition,Amazon,Electronics,Laptops & Tablets,34101,31660,31699,7.0,-0.1,7.1,Artificial / Slight Hike,4.1,4632,6.9,4.8
PRD_1887,Apple iPhone 15 - Plus,Amazon,Electronics,Smartphones,26769,20226,19439,27.4,3.9,23.5,Artificial / Slight Hike,4.0,322,8.6,3.6
PRD_1888,Milton Thermosteel Bottle - Standard,Amazon,Home & Kitchen,Cookware & Dining,1420,1338,1325,6.7,1.0,5.7,Artificial / Slight Hike,3.7,149,4.4,4.2
PRD_1889,IFB 7Kg Front Load Washing Machine - Pro Edition,Flipkart,Appliances,Large Appliances,28483,21985,22328,21.6,-1.6,23.2,Artificial / Slight Hike,4.7,2271,6.9,4.2
PRD_1890,Bata Formal Oxford - Classic,Flipkart,Fashion,Footwear,1241,1175,866,30.2,26.3,3.9,Genuine Deal,4.3,58,7.4,4.0
PRD_1891,LG 1.5 Ton 5 Star Inverter AC - Ultra,Amazon,Appliances,Large Appliances,23850,18392,21355,10.5,-16.1,26.6,Fake Discount (Hidden Markup),3.8,254,19.7,4.0
PRD_1892,LG 1.5 Ton 5 Star Inverter AC - Plus,Amazon,Appliances,Large Appliances,31522,27208,21389,32.1,21.4,10.7,Genuine Deal,4.7,656,9.6,4.1
PRD_1893,HP Pavilion 15 - Pro Edition,Flipkart,Electronics,Laptops & Tablets,62379,53550,54171,13.2,-1.2,14.4,Artificial / Slight Hike,4.3,264,4.9,3.3
PRD_1894,Zara Floral Dress - Standard,Flipkart,Fashion,Women Apparel,3464,2820,2810,18.9,0.4,18.5,Artificial / Slight Hike,4.1,839,8.1,4.6
PRD_1895,Realme Narzo 60 - Pro Edition,Amazon,Electronics,Smartphones,16515,13971,14178,14.2,-1.5,15.7,Artificial / Slight Hike,4.2,5125,8.9,4.3
PRD_1896,Levi's Women Skinny Jeans - Series 2026,Amazon,Fashion,Women Apparel,1504,1172,1127,25.1,3.8,21.3,Artificial / Slight Hike,4.5,1583,8.2,4.0
PRD_1897,Sony WH-1000XM5 - Standard,Flipkart,Electronics,Audio & Headphones,26396,20936,20958,20.6,-0.1,20.7,Artificial / Slight Hike,4.3,1383,3.7,4.4
PRD_1898,Havells Multi-Grooming Kit - Ultra,Amazon,Beauty & Personal Care,Grooming,2482,2007,2157,13.1,-7.5,20.6,Fake Discount (Hidden Markup),2.6,501,20.2,4.7
PRD_1899,LG 1.5 Ton 5 Star Inverter AC - Plus,Amazon,Appliances,Large Appliances,42100,37193,40380,4.1,-8.6,12.7,Fake Discount (Hidden Markup),3.2,794,15.4,3.7
PRD_1900,MacBook Air M2 - Ultra,Amazon,Electronics,Laptops & Tablets,36449,28510,31130,14.6,-9.2,23.8,Fake Discount (Hidden Markup),4.0,3087,24.7,4.3
PRD_1901,Bajaj Mixer Grinder 750W - Classic,Amazon,Home & Kitchen,Kitchen Appliances,7974,6490,6252,21.6,3.7,17.9,Artificial / Slight Hike,4.7,784,3.3,3.9
PRD_1902,IFB 7Kg Front Load Washing Machine - Pro Edition,Flipkart,Appliances,Large Appliances,42256,34066,34663,18.0,-1.8,19.8,Artificial / Slight Hike,4.4,1130,3.4,4.6
PRD_1903,Levi's Women Skinny Jeans - Classic,Flipkart,Fashion,Women Apparel,3545,2894,3307,6.7,-14.3,21.0,Fake Discount (Hidden Markup),2.4,1342,27.3,3.3
PRD_1904,Bajaj Mixer Grinder 750W - Plus,Amazon,Home & Kitchen,Kitchen Appliances,4863,3821,4282,11.9,-12.1,24.0,Fake Discount (Hidden Markup),2.4,1629,16.0,4.6
PRD_1905,Levi's 511 Slim Jeans - Standard,Amazon,Fashion,Men Apparel,610,573,423,30.7,26.2,4.5,Genuine Deal,4.1,2946,5.4,3.5
PRD_1906,Prestige Omega Deluxe Granite Cookware - Plus,Amazon,Home & Kitchen,Cookware & Dining,781,618,600,23.2,2.9,20.3,Artificial / Slight Hike,3.9,1873,6.4,4.9
PRD_1907,HP Pavilion 15 - Lite,Flipkart,Electronics,Laptops & Tablets,65798,58690,58617,10.9,0.1,10.8,Artificial / Slight Hike,4.0,210,3.3,4.8
PRD_1908,Voltas 1.5 Ton Split AC - Lite,Flipkart,Appliances,Large Appliances,44329,40990,41460,6.5,-1.1,7.6,Artificial / Slight Hike,4.5,704,10.2,4.0
PRD_1909,Bata Formal Oxford - Series 2026,Flipkart,Fashion,Footwear,9369,8019,5968,36.3,25.6,10.7,Genuine Deal,4.4,224,9.2,4.5
PRD_1910,Bajaj Mixer Grinder 750W - Classic,Amazon,Home & Kitchen,Kitchen Appliances,1520,1328,1457,4.1,-9.7,13.8,Fake Discount (Hidden Markup),3.3,565,21.7,4.7
PRD_1911,IFB 7Kg Front Load Washing Machine - Series 2026,Flipkart,Appliances,Large Appliances,34831,31846,30927,11.2,2.9,8.3,Artificial / Slight Hike,4.6,1497,9.3,3.6
PRD_1912,Mamaearth Vitamin C Face Wash - Standard,Flipkart,Beauty & Personal Care,Skincare,428,380,381,11.0,-0.3,11.3,Artificial / Slight Hike,4.2,783,9.5,4.8
PRD_1913,Philips Air Fryer HD9200 - Classic,Amazon,Home & Kitchen,Kitchen Appliances,10707,8868,6551,38.8,26.1,12.7,Genuine Deal,4.1,1026,9.5,3.3
PRD_1914,Samsung Galaxy Watch 6 - Ultra,Amazon,Electronics,Smartwatches,8738,7796,8688,0.6,-11.4,12.0,Fake Discount (Hidden Markup),3.5,670,13.3,4.2
PRD_1915,Prestige Omega Deluxe Granite Cookware - Standard,Flipkart,Home & Kitchen,Cookware & Dining,1218,1085,773,36.5,28.8,7.7,Genuine Deal,4.7,442,6.0,4.7
PRD_1916,Prestige Induction Cooktop - Standard,Flipkart,Home & Kitchen,Kitchen Appliances,4950,4418,4385,11.4,0.7,10.7,Artificial / Slight Hike,4.0,1730,8.5,4.7
PRD_1917,Bajaj Mixer Grinder 750W - Classic,Amazon,Home & Kitchen,Kitchen Appliances,7932,6780,7761,2.2,-14.5,16.7,Fake Discount (Hidden Markup),4.0,2818,25.4,4.6
PRD_1918,Philips Trimmer BT3231 - Standard,Amazon,Beauty & Personal Care,Grooming,958,809,799,16.6,1.2,15.4,Artificial / Slight Hike,4.9,231,10.3,3.8
PRD_1919,Lenovo IdeaPad Slim 3 - Pro Edition,Amazon,Electronics,Laptops & Tablets,58342,48153,54833,6.0,-13.9,19.9,Fake Discount (Hidden Markup),2.5,2914,19.4,3.8
PRD_1920,LG 1.5 Ton 5 Star Inverter AC - Series 2026,Amazon,Appliances,Large Appliances,41441,37277,37838,8.7,-1.5,10.2,Artificial / Slight Hike,4.4,2188,3.8,4.6
PRD_1921,US Polo Assn Casual Shirt - Plus,Flipkart,Fashion,Men Apparel,2910,2415,2419,16.9,-0.2,17.1,Artificial / Slight Hike,4.3,765,9.0,4.2
PRD_1922,IFB 7Kg Front Load Washing Machine - Standard,Amazon,Appliances,Large Appliances,41217,36534,40411,2.0,-10.6,12.6,Fake Discount (Hidden Markup),3.0,1518,20.2,3.7
PRD_1923,Sparx Running Shoes - Classic,Flipkart,Fashion,Footwear,9538,8431,6412,32.8,23.9,8.9,Genuine Deal,4.7,3421,4.8,4.2
PRD_1924,IFB 7Kg Front Load Washing Machine - Ultra,Flipkart,Appliances,Large Appliances,32731,26091,26501,19.0,-1.6,20.6,Artificial / Slight Hike,4.8,1675,3.2,4.5
PRD_1925,LG 1.5 Ton 5 Star Inverter AC - Standard,Flipkart,Appliances,Large Appliances,33123,29276,22230,32.9,24.1,8.8,Genuine Deal,4.2,1157,3.8,4.5
PRD_1926,JBL Tune 510BT - Lite,Flipkart,Electronics,Audio & Headphones,27695,21516,18507,33.2,14.0,19.2,Genuine Deal,4.2,1048,6.2,4.2
PRD_1927,IFB 7Kg Front Load Washing Machine - Series 2026,Flipkart,Appliances,Large Appliances,40460,38274,38271,5.4,0.0,5.4,Artificial / Slight Hike,3.6,3415,4.5,4.1
PRD_1928,LG 1.5 Ton 5 Star Inverter AC - Lite,Flipkart,Appliances,Large Appliances,33285,25439,24986,24.9,1.8,23.1,Artificial / Slight Hike,4.7,544,5.4,4.7
PRD_1929,Samsung 253L Double Door Refrigerator - Plus,Amazon,Appliances,Large Appliances,25311,19875,19090,24.6,3.9,20.7,Artificial / Slight Hike,4.2,925,7.4,3.7
PRD_1930,Borosil Glass Lunch Box Set - Lite,Flipkart,Home & Kitchen,Cookware & Dining,2186,1830,1796,17.8,1.9,15.9,Artificial / Slight Hike,4.2,509,3.1,3.5
PRD_1931,Puma Smash v2 - Pro Edition,Flipkart,Fashion,Footwear,11427,10088,6750,40.9,33.1,7.8,Genuine Deal,4.1,49,10.7,3.7
PRD_1932,Philips Air Fryer HD9200 - Ultra,Amazon,Home & Kitchen,Kitchen Appliances,7144,5642,4778,33.1,15.3,17.8,Genuine Deal,4.8,845,10.5,3.2
PRD_1933,IFB 7Kg Front Load Washing Machine - Lite,Amazon,Appliances,Large Appliances,38993,30506,30734,21.2,-0.7,21.9,Artificial / Slight Hike,4.3,1647,7.4,3.6
PRD_1934,Voltas 1.5 Ton Split AC - Classic,Amazon,Appliances,Large Appliances,33542,26799,29064,13.4,-8.5,21.9,Fake Discount (Hidden Markup),3.2,793,26.3,4.8
PRD_1935,Levi's 511 Slim Jeans - Plus,Flipkart,Fashion,Men Apparel,3058,2298,2214,27.6,3.7,23.9,Artificial / Slight Hike,4.7,1030,9.8,3.9
PRD_1936,IFB 7Kg Front Load Washing Machine - Pro Edition,Flipkart,Appliances,Large Appliances,29140,23424,26771,8.1,-14.3,22.4,Fake Discount (Hidden Markup),3.6,1514,20.2,3.9
PRD_1937,Levi's 511 Slim Jeans - Standard,Flipkart,Fashion,Men Apparel,887,681,578,34.8,15.1,19.7,Genuine Deal,3.8,1793,3.1,4.7
PRD_1938,OnePlus 12R - Ultra,Flipkart,Electronics,Smartphones,32314,25969,26024,19.5,-0.2,19.7,Artificial / Slight Hike,4.2,1943,3.6,3.6
PRD_1939,Allen Solly Polo T-Shirt - Series 2026,Amazon,Fashion,Men Apparel,1159,896,1053,9.1,-17.5,26.6,Fake Discount (Hidden Markup),3.1,575,23.6,3.5
PRD_1940,Google Pixel 8 - Standard,Flipkart,Electronics,Smartphones,56244,46384,45468,19.2,2.0,17.2,Artificial / Slight Hike,3.8,426,7.4,4.8
PRD_1941,Allen Solly Polo T-Shirt - Standard,Flipkart,Fashion,Men Apparel,3355,2799,1854,44.7,33.8,10.9,Genuine Deal,4.0,6931,3.8,3.7
PRD_1942,Braun Series 3 Shaver - Classic,Flipkart,Beauty & Personal Care,Grooming,1413,1163,798,43.5,31.4,12.1,Genuine Deal,4.6,563,7.9,3.6
PRD_1943,Borosil Glass Lunch Box Set - Classic,Flipkart,Home & Kitchen,Cookware & Dining,1183,1084,1133,4.2,-4.5,8.7,Fake Discount (Hidden Markup),3.2,1059,19.2,4.7
PRD_1944,Apple iPhone 15 - Standard,Amazon,Electronics,Smartphones,65585,58090,58258,11.2,-0.3,11.5,Artificial / Slight Hike,4.6,419,3.2,4.0
PRD_1945,Minimalist 10% Niacinamide Serum - Ultra,Flipkart,Beauty & Personal Care,Skincare,526,472,478,9.1,-1.3,10.4,Artificial / Slight Hike,4.8,9520,4.8,4.0
PRD_1946,IFB 7Kg Front Load Washing Machine - Standard,Amazon,Appliances,Large Appliances,29020,23692,25382,12.5,-7.1,19.6,Fake Discount (Hidden Markup),3.0,468,19.9,4.0
PRD_1947,Prestige Induction Cooktop - Pro Edition,Flipkart,Home & Kitchen,Kitchen Appliances,7509,6784,7459,0.7,-9.9,10.6,Fake Discount (Hidden Markup),3.1,587,18.9,4.4
PRD_1948,Puma Smash v2 - Standard,Flipkart,Fashion,Footwear,3627,3432,3367,7.2,1.9,5.3,Artificial / Slight Hike,4.1,3548,7.2,4.2
PRD_1949,IFB 7Kg Front Load Washing Machine - Plus,Flipkart,Appliances,Large Appliances,29824,25115,27419,8.1,-9.2,17.3,Fake Discount (Hidden Markup),2.8,372,16.1,4.8
PRD_1950,Cetaphil Gentle Skin Cleanser - Plus,Amazon,Beauty & Personal Care,Skincare,899,829,840,6.6,-1.3,7.9,Artificial / Slight Hike,4.7,869,8.2,3.8
PRD_1951,The Derma Co 1% Hyaluronic Sunscreen - Lite,Amazon,Beauty & Personal Care,Skincare,409,358,276,32.5,22.9,9.6,Genuine Deal,4.9,2667,7.6,4.3
PRD_1952,Puma Smash v2 - Classic,Amazon,Fashion,Footwear,4065,3757,4015,1.2,-6.9,8.1,Fake Discount (Hidden Markup),3.9,86,27.0,4.1
PRD_1953,Cetaphil Gentle Skin Cleanser - Ultra,Amazon,Beauty & Personal Care,Skincare,552,462,467,15.4,-1.1,16.5,Artificial / Slight Hike,4.7,3603,7.8,3.8
PRD_1954,Noise Two Wireless - Lite,Amazon,Electronics,Audio & Headphones,28152,26526,28102,0.2,-5.9,6.1,Fake Discount (Hidden Markup),2.8,1187,13.1,4.2
PRD_1955,Sparx Running Shoes - Series 2026,Amazon,Fashion,Footwear,5836,4909,3274,43.9,33.3,10.6,Genuine Deal,4.1,607,3.6,4.2
PRD_1956,IFB 7Kg Front Load Washing Machine - Series 2026,Amazon,Appliances,Large Appliances,38765,35009,35169,9.3,-0.5,9.8,Artificial / Slight Hike,3.8,2240,8.5,4.0
PRD_1957,Samsung Galaxy S23 - Pro Edition,Amazon,Electronics,Smartphones,23949,21255,20929,12.6,1.5,11.1,Artificial / Slight Hike,4.6,1146,8.2,3.9
PRD_1958,Minimalist 10% Niacinamide Serum - Series 2026,Amazon,Beauty & Personal Care,Skincare,462,398,412,10.8,-3.5,14.3,Fake Discount (Hidden Markup),2.6,940,21.9,3.3
PRD_1959,Samsung 253L Double Door Refrigerator - Lite,Flipkart,Appliances,Large Appliances,40636,33769,30177,25.7,10.6,15.1,Genuine Deal,4.6,2178,4.7,3.9
PRD_1960,Milton Thermosteel Bottle - Plus,Amazon,Home & Kitchen,Cookware & Dining,1800,1634,1750,2.8,-7.1,9.9,Fake Discount (Hidden Markup),2.5,284,26.5,3.2
PRD_1961,Nike Air Max SC - Series 2026,Amazon,Fashion,Footwear,11619,8919,10322,11.2,-15.7,26.9,Fake Discount (Hidden Markup),2.8,4820,26.5,3.8
PRD_1962,Dell Inspiron 3520 - Classic,Amazon,Electronics,Laptops & Tablets,86870,67606,66108,23.9,2.2,21.7,Artificial / Slight Hike,4.3,474,9.8,4.1
PRD_1963,Prestige Omega Deluxe Granite Cookware - Pro Edition,Amazon,Home & Kitchen,Cookware & Dining,3694,3440,3479,5.8,-1.1,6.9,Artificial / Slight Hike,4.1,227,6.3,4.8
PRD_1964,US Polo Assn Casual Shirt - Plus,Flipkart,Fashion,Men Apparel,1519,1229,872,42.6,29.0,13.6,Genuine Deal,4.3,633,5.4,4.4
PRD_1965,Milton Thermosteel Bottle - Classic,Flipkart,Home & Kitchen,Cookware & Dining,2874,2350,2277,20.8,3.1,17.7,Artificial / Slight Hike,4.2,554,10.0,4.8
PRD_1966,Prestige Induction Cooktop - Series 2026,Flipkart,Home & Kitchen,Kitchen Appliances,6563,6053,6059,7.7,-0.1,7.8,Artificial / Slight Hike,3.7,1250,10.6,4.7
PRD_1967,Samsung Galaxy Watch 6 - Pro Edition,Flipkart,Electronics,Smartwatches,22110,16758,11416,48.4,31.9,16.5,Genuine Deal,4.8,3233,8.4,3.9
PRD_1968,Levi's Women Skinny Jeans - Plus,Amazon,Fashion,Women Apparel,4146,3536,3486,15.9,1.4,14.5,Artificial / Slight Hike,3.8,2154,6.8,3.2
PRD_1969,Prestige Induction Cooktop - Plus,Amazon,Home & Kitchen,Kitchen Appliances,2313,2153,1598,30.9,25.8,5.1,Genuine Deal,4.3,4166,3.6,4.7
PRD_1970,Philips Trimmer BT3231 - Pro Edition,Flipkart,Beauty & Personal Care,Grooming,2237,1985,1932,13.6,2.7,10.9,Artificial / Slight Hike,3.8,1680,9.1,4.1
PRD_1971,Allen Solly Polo T-Shirt - Plus,Flipkart,Fashion,Men Apparel,1824,1640,1431,21.5,12.7,8.8,Genuine Deal,3.9,1550,5.2,3.3
PRD_1972,Sparx Running Shoes - Ultra,Amazon,Fashion,Footwear,4169,3773,3767,9.6,0.2,9.4,Artificial / Slight Hike,4.9,723,10.7,4.6
PRD_1973,Bajaj Mixer Grinder 750W - Standard,Flipkart,Home & Kitchen,Kitchen Appliances,3560,3338,2635,26.0,21.1,4.9,Genuine Deal,4.3,715,6.0,4.0
PRD_1974,Borosil Glass Lunch Box Set - Classic,Flipkart,Home & Kitchen,Cookware & Dining,3834,3033,2477,35.4,18.3,17.1,Genuine Deal,4.2,1465,5.5,4.6
PRD_1975,Samsung 253L Double Door Refrigerator - Plus,Amazon,Appliances,Large Appliances,23197,20399,22264,4.0,-9.1,13.1,Fake Discount (Hidden Markup),2.9,49,22.1,4.7
PRD_1976,Milton Thermosteel Bottle - Plus,Flipkart,Home & Kitchen,Cookware & Dining,3835,3318,2309,39.8,30.4,9.4,Genuine Deal,4.1,3612,10.5,3.4
PRD_1977,IFB 7Kg Front Load Washing Machine - Ultra,Amazon,Appliances,Large Appliances,38489,36424,35326,8.2,3.0,5.2,Artificial / Slight Hike,4.1,2306,6.6,4.5
PRD_1978,Prestige Omega Deluxe Granite Cookware - Standard,Amazon,Home & Kitchen,Cookware & Dining,2471,2267,1530,38.1,32.5,5.6,Genuine Deal,4.5,1768,10.9,4.8
PRD_1979,Cetaphil Gentle Skin Cleanser - Classic,Flipkart,Beauty & Personal Care,Skincare,722,635,672,6.9,-5.8,12.7,Fake Discount (Hidden Markup),2.1,570,21.8,3.9
PRD_1980,Mamaearth Vitamin C Face Wash - Ultra,Flipkart,Beauty & Personal Care,Skincare,342,259,195,43.0,24.7,18.3,Genuine Deal,4.8,848,3.1,3.8
PRD_1981,OnePlus 12R - Lite,Flipkart,Electronics,Smartphones,21018,16422,15820,24.7,3.7,21.0,Artificial / Slight Hike,4.5,990,10.5,4.2
PRD_1982,Mamaearth Vitamin C Face Wash - Standard,Amazon,Beauty & Personal Care,Skincare,951,731,823,13.5,-12.6,26.1,Fake Discount (Hidden Markup),3.4,134,27.8,4.3
PRD_1983,Sony WH-1000XM5 - Standard,Flipkart,Electronics,Audio & Headphones,5466,4966,5027,8.0,-1.2,9.2,Artificial / Slight Hike,3.9,495,9.7,4.0
PRD_1984,Voltas 1.5 Ton Split AC - Ultra,Flipkart,Appliances,Large Appliances,43306,34546,36309,16.2,-5.1,21.3,Fake Discount (Hidden Markup),3.0,173,16.1,4.7
PRD_1985,Voltas 1.5 Ton Split AC - Pro Edition,Amazon,Appliances,Large Appliances,39189,36884,39139,0.1,-6.1,6.2,Fake Discount (Hidden Markup),3.0,693,22.7,4.0
PRD_1986,Allen Solly Polo T-Shirt - Lite,Flipkart,Fashion,Men Apparel,3254,2822,2759,15.2,2.2,13.0,Artificial / Slight Hike,4.8,716,5.1,4.6
PRD_1987,Minimalist 10% Niacinamide Serum - Series 2026,Amazon,Beauty & Personal Care,Skincare,327,280,276,15.6,1.4,14.2,Artificial / Slight Hike,4.5,856,3.2,4.2
PRD_1988,IFB 7Kg Front Load Washing Machine - Ultra,Flipkart,Appliances,Large Appliances,42105,36005,29154,30.8,19.0,11.8,Genuine Deal,4.7,1538,7.4,4.7
PRD_1989,Minimalist 10% Niacinamide Serum - Series 2026,Flipkart,Beauty & Personal Care,Skincare,1106,989,815,26.3,17.6,8.7,Genuine Deal,4.4,1576,6.5,4.7
PRD_1990,Havells Multi-Grooming Kit - Lite,Flipkart,Beauty & Personal Care,Grooming,1334,1243,1259,5.6,-1.3,6.9,Artificial / Slight Hike,3.8,416,5.4,4.2
PRD_1991,Allen Solly Polo T-Shirt - Series 2026,Amazon,Fashion,Men Apparel,2613,2015,2028,22.4,-0.6,23.0,Artificial / Slight Hike,3.7,78,7.9,4.2
PRD_1992,The Derma Co 1% Hyaluronic Sunscreen - Ultra,Amazon,Beauty & Personal Care,Skincare,957,901,707,26.1,21.5,4.6,Genuine Deal,3.8,309,8.3,3.9
PRD_1993,US Polo Assn Casual Shirt - Standard,Flipkart,Fashion,Men Apparel,748,567,409,45.3,27.9,17.4,Genuine Deal,3.7,873,3.9,4.0
PRD_1994,JBL Tune 510BT - Classic,Flipkart,Electronics,Audio & Headphones,19668,18170,17691,10.1,2.6,7.5,Artificial / Slight Hike,4.7,1404,3.1,3.2
PRD_1995,Bajaj Mixer Grinder 750W - Series 2026,Amazon,Home & Kitchen,Kitchen Appliances,8778,8219,8728,0.6,-6.2,6.8,Fake Discount (Hidden Markup),3.5,518,26.8,4.1
PRD_1996,W for Woman Straight Kurti - Lite,Amazon,Fashion,Women Apparel,3523,2700,3014,14.4,-11.6,26.0,Fake Discount (Hidden Markup),3.5,836,24.8,3.4
PRD_1997,Realme Narzo 60 - Standard,Flipkart,Electronics,Smartphones,65712,59991,65662,0.1,-9.5,9.6,Fake Discount (Hidden Markup),3.4,183,12.3,4.5
PRD_1998,W for Woman Straight Kurti - Pro Edition,Amazon,Fashion,Women Apparel,766,698,716,6.5,-2.6,9.1,Fake Discount (Hidden Markup),2.3,371,20.9,3.4
PRD_1999,Levi's 511 Slim Jeans - Pro Edition,Amazon,Fashion,Men Apparel,992,888,603,39.2,32.1,7.1,Genuine Deal,4.5,600,9.9,3.7
PRD_2000,Milton Thermosteel Bottle - Classic,Flipkart,Home & Kitchen,Cookware & Dining,2185,2056,2135,2.3,-3.8,6.1,Fake Discount (Hidden Markup),2.9,243,12.2,4.3
PRD_2001,IFB 7Kg Front Load Washing Machine - Lite,Flipkart,Appliances,Large Appliances,41058,36794,35580,13.3,3.3,10.0,Artificial / Slight Hike,4.9,2180,6.4,3.3
PRD_2002,Nike Air Max SC - Lite,Flipkart,Fashion,Footwear,10267,9143,9718,5.3,-6.3,11.6,Fake Discount (Hidden Markup),3.7,130,22.8,4.4
PRD_2003,Milton Thermosteel Bottle - Series 2026,Amazon,Home & Kitchen,Cookware & Dining,2964,2661,2914,1.7,-9.5,11.2,Fake Discount (Hidden Markup),3.8,146,17.8,4.3
PRD_2004,Philips Trimmer BT3231 - Lite,Amazon,Beauty & Personal Care,Grooming,1278,967,934,26.9,3.4,23.5,Artificial / Slight Hike,4.2,2791,5.7,3.4
PRD_2005,Braun Series 3 Shaver - Series 2026,Amazon,Beauty & Personal Care,Grooming,2735,2295,2283,16.5,0.5,16.0,Artificial / Slight Hike,4.6,2120,6.1,3.7
PRD_2006,Redmi Note 13 Pro - Standard,Amazon,Electronics,Smartphones,22048,19077,12852,41.7,32.6,9.1,Genuine Deal,4.7,121,4.9,4.3
PRD_2007,Biba Printed Anarkali Kurta - Ultra,Flipkart,Fashion,Women Apparel,1206,980,671,44.4,31.5,12.9,Genuine Deal,3.7,7871,4.7,3.9
PRD_2008,Voltas 1.5 Ton Split AC - Ultra,Flipkart,Appliances,Large Appliances,47687,37829,38324,19.6,-1.3,20.9,Artificial / Slight Hike,4.1,108,5.1,4.1
PRD_2009,W for Woman Straight Kurti - Standard,Amazon,Fashion,Women Apparel,3592,3065,3335,7.2,-8.8,16.0,Fake Discount (Hidden Markup),2.9,967,24.6,4.1
PRD_2010,OnePlus Bullets Z2 - Standard,Amazon,Electronics,Audio & Headphones,28981,25744,28931,0.2,-12.4,12.6,Fake Discount (Hidden Markup),2.8,2223,20.7,4.7
PRD_2011,Fire-Boltt Ninja - Lite,Flipkart,Electronics,Smartwatches,19746,15382,10997,44.3,28.5,15.8,Genuine Deal,4.4,202,6.0,4.4
PRD_2012,IFB 7Kg Front Load Washing Machine - Ultra,Amazon,Appliances,Large Appliances,35188,27770,27712,21.2,0.2,21.0,Artificial / Slight Hike,4.0,1051,5.0,4.8
PRD_2013,Van Heusen Formal Shirt - Ultra,Amazon,Fashion,Men Apparel,965,840,915,5.2,-8.9,14.1,Fake Discount (Hidden Markup),3.1,1497,21.5,4.6
PRD_2014,US Polo Assn Casual Shirt - Plus,Flipkart,Fashion,Men Apparel,1906,1649,1588,16.7,3.7,13.0,Artificial / Slight Hike,4.3,258,10.6,4.4
PRD_2015,Fastrack Limitless FS1 - Pro Edition,Amazon,Electronics,Smartwatches,11798,10051,8202,30.5,18.4,12.1,Genuine Deal,4.0,126,4.0,3.3
PRD_2016,Biba Printed Anarkali Kurta - Plus,Amazon,Fashion,Women Apparel,1414,1092,1220,13.7,-11.7,25.4,Fake Discount (Hidden Markup),3.5,64,17.9,4.7
PRD_2017,Havells Multi-Grooming Kit - Plus,Amazon,Beauty & Personal Care,Grooming,1786,1519,1547,13.4,-1.8,15.2,Artificial / Slight Hike,4.1,876,8.9,3.6
PRD_2018,Braun Series 3 Shaver - Ultra,Amazon,Beauty & Personal Care,Grooming,3688,3266,3172,14.0,2.9,11.1,Artificial / Slight Hike,4.6,216,5.1,4.4
PRD_2019,Braun Series 3 Shaver - Classic,Flipkart,Beauty & Personal Care,Grooming,3654,2882,2025,44.6,29.7,14.9,Genuine Deal,4.1,60,4.3,3.9
PRD_2020,Nike Air Max SC - Series 2026,Flipkart,Fashion,Footwear,3235,2472,1978,38.9,20.0,18.9,Genuine Deal,4.5,2071,5.3,3.3
PRD_2021,W for Woman Straight Kurti - Ultra,Flipkart,Fashion,Women Apparel,2441,2183,2167,11.2,0.7,10.5,Artificial / Slight Hike,4.4,116,5.3,3.4
PRD_2022,Cetaphil Gentle Skin Cleanser - Classic,Amazon,Beauty & Personal Care,Skincare,861,735,706,18.0,3.9,14.1,Artificial / Slight Hike,4.7,1579,6.5,3.7
PRD_2023,Bata Formal Oxford - Pro Edition,Flipkart,Fashion,Footwear,9925,8715,8850,10.8,-1.5,12.3,Artificial / Slight Hike,3.8,1145,10.1,4.8
PRD_2024,Mamaearth Vitamin C Face Wash - Plus,Flipkart,Beauty & Personal Care,Skincare,1072,804,781,27.1,2.9,24.2,Artificial / Slight Hike,4.6,1044,5.8,4.6
PRD_2025,Philips Trimmer BT3231 - Ultra,Amazon,Beauty & Personal Care,Grooming,1318,1190,1255,4.8,-5.5,10.3,Fake Discount (Hidden Markup),2.5,1171,17.0,4.1
PRD_2026,Allen Solly Polo T-Shirt - Lite,Amazon,Fashion,Men Apparel,2057,1842,2007,2.4,-9.0,11.4,Fake Discount (Hidden Markup),2.2,498,23.7,4.3
PRD_2027,Havells Multi-Grooming Kit - Plus,Amazon,Beauty & Personal Care,Grooming,1657,1463,1410,14.9,3.6,11.3,Artificial / Slight Hike,4.8,189,3.7,4.0
PRD_2028,Bata Formal Oxford - Plus,Amazon,Fashion,Footwear,11963,10467,10138,15.3,3.1,12.2,Artificial / Slight Hike,3.8,650,8.5,3.6
PRD_2029,Levi's 511 Slim Jeans - Ultra,Flipkart,Fashion,Men Apparel,2827,2592,2777,1.8,-7.1,8.9,Fake Discount (Hidden Markup),2.2,4396,12.3,3.5
PRD_2030,Milton Thermosteel Bottle - Standard,Flipkart,Home & Kitchen,Cookware & Dining,954,811,793,16.9,2.2,14.7,Artificial / Slight Hike,4.8,404,9.4,4.7
PRD_2031,Braun Series 3 Shaver - Series 2026,Flipkart,Beauty & Personal Care,Grooming,3128,2601,1694,45.8,34.9,10.9,Genuine Deal,3.6,2696,4.3,3.3
PRD_2032,Dell Inspiron 3520 - Ultra,Amazon,Electronics,Laptops & Tablets,57905,46272,44599,23.0,3.6,19.4,Artificial / Slight Hike,4.7,126,5.7,4.8
PRD_2033,Bajaj Mixer Grinder 750W - Series 2026,Flipkart,Home & Kitchen,Kitchen Appliances,7574,6517,6371,15.9,2.2,13.7,Artificial / Slight Hike,4.8,886,10.6,4.6
PRD_2034,Zara Floral Dress - Lite,Flipkart,Fashion,Women Apparel,1862,1721,1666,10.5,3.2,7.3,Artificial / Slight Hike,4.5,1009,5.4,4.4
PRD_2035,Redmi Note 13 Pro - Classic,Amazon,Electronics,Smartphones,66754,54608,43371,35.0,20.6,14.4,Genuine Deal,4.7,1603,8.4,4.2
PRD_2036,Prestige Omega Deluxe Granite Cookware - Pro Edition,Amazon,Home & Kitchen,Cookware & Dining,3990,3167,2630,34.1,17.0,17.1,Genuine Deal,4.5,1055,10.2,4.1
PRD_2037,IFB 7Kg Front Load Washing Machine - Plus,Flipkart,Appliances,Large Appliances,47140,41952,46416,1.5,-10.6,12.1,Fake Discount (Hidden Markup),3.2,321,25.1,3.8
PRD_2038,LG 1.5 Ton 5 Star Inverter AC - Plus,Amazon,Appliances,Large Appliances,39074,33710,38979,0.2,-15.6,15.8,Fake Discount (Hidden Markup),2.7,3317,17.4,3.5
PRD_2039,Allen Solly Polo T-Shirt - Standard,Amazon,Fashion,Men Apparel,2837,2173,2203,22.3,-1.4,23.7,Artificial / Slight Hike,4.4,137,9.2,3.5
PRD_2040,boAt Rockerz 450 - Lite,Flipkart,Electronics,Audio & Headphones,2952,2271,2477,16.1,-9.1,25.2,Fake Discount (Hidden Markup),4.0,2661,16.6,4.7
PRD_2041,Bata Formal Oxford - Series 2026,Amazon,Fashion,Footwear,9672,7721,8121,16.0,-5.2,21.2,Fake Discount (Hidden Markup),3.7,1888,27.0,3.4
PRD_2042,Philips Trimmer BT3231 - Standard,Amazon,Beauty & Personal Care,Grooming,2977,2557,2536,14.8,0.8,14.0,Artificial / Slight Hike,3.6,221,4.9,4.7
PRD_2043,Bata Formal Oxford - Pro Edition,Flipkart,Fashion,Footwear,8639,8196,8301,3.9,-1.3,5.2,Artificial / Slight Hike,4.7,3845,10.7,4.0
PRD_2044,Morphy Richards Oven Toast - Lite,Flipkart,Home & Kitchen,Kitchen Appliances,5718,5358,5668,0.9,-5.8,6.7,Fake Discount (Hidden Markup),3.0,1007,19.7,4.6
PRD_2045,Milton Thermosteel Bottle - Ultra,Flipkart,Home & Kitchen,Cookware & Dining,835,726,785,6.0,-8.1,14.1,Fake Discount (Hidden Markup),3.6,148,15.6,3.9
PRD_2046,Milton Thermosteel Bottle - Standard,Amazon,Home & Kitchen,Cookware & Dining,3702,2784,3284,11.3,-18.0,29.3,Fake Discount (Hidden Markup),2.6,2098,25.5,3.6
PRD_2047,Samsung 253L Double Door Refrigerator - Standard,Flipkart,Appliances,Large Appliances,41170,35402,24279,41.0,31.4,9.6,Genuine Deal,4.4,1652,7.1,4.6
PRD_2048,Braun Series 3 Shaver - Ultra,Flipkart,Beauty & Personal Care,Grooming,3197,2771,2158,32.5,22.1,10.4,Genuine Deal,3.7,348,4.0,4.7
PRD_2049,Lenovo IdeaPad Slim 3 - Ultra,Amazon,Electronics,Laptops & Tablets,51275,47315,34494,32.7,27.1,5.6,Genuine Deal,3.6,2252,3.9,4.6
PRD_2050,Puma Smash v2 - Plus,Amazon,Fashion,Footwear,11639,9085,7730,33.6,14.9,18.7,Genuine Deal,4.3,2542,6.6,3.4
PRD_2051,Nike Air Max SC - Pro Edition,Amazon,Fashion,Footwear,4392,3832,3872,11.8,-1.0,12.8,Artificial / Slight Hike,4.7,3007,6.6,4.0
PRD_2052,Cetaphil Gentle Skin Cleanser - Lite,Amazon,Beauty & Personal Care,Skincare,778,722,543,30.2,24.8,5.4,Genuine Deal,4.0,1808,4.4,4.8
PRD_2053,Cetaphil Gentle Skin Cleanser - Pro Edition,Amazon,Beauty & Personal Care,Skincare,334,251,171,48.8,31.9,16.9,Genuine Deal,4.0,477,10.5,4.3
PRD_2054,Mamaearth Vitamin C Face Wash - Pro Edition,Flipkart,Beauty & Personal Care,Skincare,775,592,572,26.2,3.4,22.8,Artificial / Slight Hike,4.2,3877,10.8,3.8
PRD_2055,Nike Air Max SC - Series 2026,Amazon,Fashion,Footwear,3099,2780,3049,1.6,-9.7,11.3,Fake Discount (Hidden Markup),2.8,1371,23.3,4.6
PRD_2056,Prestige Omega Deluxe Granite Cookware - Lite,Amazon,Home & Kitchen,Cookware & Dining,2067,1835,1834,11.3,0.1,11.2,Artificial / Slight Hike,4.6,2533,7.4,4.1
PRD_2057,Borosil Glass Lunch Box Set - Pro Edition,Flipkart,Home & Kitchen,Cookware & Dining,1188,975,948,20.2,2.8,17.4,Artificial / Slight Hike,3.6,1594,7.9,4.9
PRD_2058,Puma Smash v2 - Series 2026,Flipkart,Fashion,Footwear,8084,6455,6386,21.0,1.1,19.9,Artificial / Slight Hike,4.7,178,6.5,4.2
PRD_2059,The Derma Co 1% Hyaluronic Sunscreen - Series 2026,Amazon,Beauty & Personal Care,Skincare,882,673,673,23.7,0.0,23.7,Artificial / Slight Hike,4.9,488,9.9,4.0
PRD_2060,Bajaj Mixer Grinder 750W - Classic,Amazon,Home & Kitchen,Kitchen Appliances,5340,4138,3157,40.9,23.7,17.2,Genuine Deal,3.6,1063,9.1,4.3
PRD_2061,US Polo Assn Casual Shirt - Ultra,Flipkart,Fashion,Men Apparel,756,707,710,6.1,-0.4,6.5,Artificial / Slight Hike,4.6,1796,8.1,3.8
PRD_2062,Minimalist 10% Niacinamide Serum - Classic,Flipkart,Beauty & Personal Care,Skincare,605,465,377,37.7,18.9,18.8,Genuine Deal,3.8,163,3.2,3.9
PRD_2063,Levi's 511 Slim Jeans - Series 2026,Amazon,Fashion,Men Apparel,1837,1676,1205,34.4,28.1,6.3,Genuine Deal,3.9,6533,9.6,3.3
PRD_2064,Prestige Omega Deluxe Granite Cookware - Standard,Flipkart,Home & Kitchen,Cookware & Dining,3159,2780,2736,13.4,1.6,11.8,Artificial / Slight Hike,4.9,3098,5.6,3.7
PRD_2065,Havells Multi-Grooming Kit - Pro Edition,Flipkart,Beauty & Personal Care,Grooming,2731,2420,1646,39.7,32.0,7.7,Genuine Deal,4.7,63,4.8,4.6
PRD_2066,Samsung Galaxy S23 - Pro Edition,Flipkart,Electronics,Smartphones,46652,37092,29180,37.5,21.3,16.2,Genuine Deal,3.8,1830,10.7,4.5
PRD_2067,Mamaearth Vitamin C Face Wash - Lite,Flipkart,Beauty & Personal Care,Skincare,906,752,674,25.6,10.4,15.2,Genuine Deal,3.7,220,6.1,3.8
PRD_2068,Prestige Omega Deluxe Granite Cookware - Ultra,Flipkart,Home & Kitchen,Cookware & Dining,2642,2310,1821,31.1,21.2,9.9,Genuine Deal,4.0,113,3.8,3.8
PRD_2069,JBL Tune 510BT - Ultra,Amazon,Electronics,Audio & Headphones,13005,11335,11011,15.3,2.9,12.4,Artificial / Slight Hike,4.3,897,9.8,4.2
PRD_2070,Philips Air Fryer HD9200 - Ultra,Flipkart,Home & Kitchen,Kitchen Appliances,7571,5949,4006,47.1,32.7,14.4,Genuine Deal,3.8,85,5.1,4.8
PRD_2071,Minimalist 10% Niacinamide Serum - Ultra,Flipkart,Beauty & Personal Care,Skincare,911,807,861,5.5,-6.7,12.2,Fake Discount (Hidden Markup),3.6,35,13.1,4.7
PRD_2072,Milton Thermosteel Bottle - Lite,Amazon,Home & Kitchen,Cookware & Dining,1426,1177,1139,20.1,3.2,16.9,Artificial / Slight Hike,4.2,25,4.0,4.4
PRD_2073,Sony WH-1000XM5 - Classic,Flipkart,Electronics,Audio & Headphones,14690,11649,11647,20.7,0.0,20.7,Artificial / Slight Hike,3.7,399,7.4,4.2
PRD_2074,LG 1.5 Ton 5 Star Inverter AC - Standard,Amazon,Appliances,Large Appliances,23756,22411,22026,7.3,1.7,5.6,Artificial / Slight Hike,4.3,67,9.1,4.8
PRD_2075,Redmi Note 13 Pro - Ultra,Amazon,Electronics,Smartphones,22939,21639,18342,20.0,15.2,4.8,Genuine Deal,4.9,1829,8.3,4.5
PRD_2076,Dell Inspiron 3520 - Lite,Amazon,Electronics,Laptops & Tablets,49465,37195,37398,24.4,-0.5,24.9,Artificial / Slight Hike,4.2,729,8.9,3.3
PRD_2077,Puma Smash v2 - Pro Edition,Flipkart,Fashion,Footwear,10182,7716,6793,33.3,12.0,21.3,Genuine Deal,4.8,1174,9.5,4.8
PRD_2078,Levi's Women Skinny Jeans - Plus,Amazon,Fashion,Women Apparel,3153,2373,1781,43.5,24.9,18.6,Genuine Deal,4.6,593,5.7,4.7
PRD_2079,Cetaphil Gentle Skin Cleanser - Pro Edition,Amazon,Beauty & Personal Care,Skincare,488,367,363,25.6,1.1,24.5,Artificial / Slight Hike,4.2,296,10.6,3.7
PRD_2080,Borosil Glass Lunch Box Set - Plus,Amazon,Home & Kitchen,Cookware & Dining,1458,1237,1326,9.1,-7.2,16.3,Fake Discount (Hidden Markup),3.5,1386,21.8,3.8
PRD_2081,Braun Series 3 Shaver - Ultra,Amazon,Beauty & Personal Care,Grooming,2116,1930,1268,40.1,34.3,5.8,Genuine Deal,4.2,201,10.8,4.2
PRD_2082,Voltas 1.5 Ton Split AC - Standard,Flipkart,Appliances,Large Appliances,37035,29993,30504,17.6,-1.7,19.3,Artificial / Slight Hike,3.7,135,4.0,3.5
PRD_2083,Noise ColorFit Pulse - Lite,Amazon,Electronics,Smartwatches,7600,5740,3952,48.0,31.1,16.9,Genuine Deal,4.8,103,9.9,4.3
PRD_2084,Cetaphil Gentle Skin Cleanser - Classic,Flipkart,Beauty & Personal Care,Skincare,1124,863,658,41.5,23.8,17.7,Genuine Deal,4.8,620,7.0,4.0
PRD_2085,US Polo Assn Casual Shirt - Classic,Flipkart,Fashion,Men Apparel,1330,1176,912,31.4,22.4,9.0,Genuine Deal,3.8,674,9.5,4.5
PRD_2086,Mamaearth Vitamin C Face Wash - Ultra,Flipkart,Beauty & Personal Care,Skincare,811,743,761,6.2,-2.4,8.6,Fake Discount (Hidden Markup),3.8,1196,23.1,3.2
PRD_2087,MacBook Air M2 - Classic,Amazon,Electronics,Laptops & Tablets,31025,24360,27737,10.6,-13.9,24.5,Fake Discount (Hidden Markup),3.2,173,27.4,4.5
PRD_2088,Braun Series 3 Shaver - Classic,Amazon,Beauty & Personal Care,Grooming,910,817,807,11.3,1.2,10.1,Artificial / Slight Hike,4.4,953,5.4,3.5
PRD_2089,Adidas Ultraboost Light - Series 2026,Flipkart,Fashion,Footwear,2148,1987,1994,7.2,-0.4,7.6,Artificial / Slight Hike,4.1,256,6.2,3.2
PRD_2090,Samsung Galaxy S23 - Ultra,Amazon,Electronics,Smartphones,53255,43126,49014,8.0,-13.7,21.7,Fake Discount (Hidden Markup),2.6,720,21.1,4.1
PRD_2091,Borosil Glass Lunch Box Set - Pro Edition,Amazon,Home & Kitchen,Cookware & Dining,720,622,510,29.2,18.0,11.2,Genuine Deal,4.1,4676,6.0,3.7
PRD_2092,Samsung 253L Double Door Refrigerator - Plus,Flipkart,Appliances,Large Appliances,45744,41334,37137,18.8,10.2,8.6,Genuine Deal,4.3,1444,11.0,3.7
PRD_2093,LG 1.5 Ton 5 Star Inverter AC - Pro Edition,Flipkart,Appliances,Large Appliances,29813,27429,21472,28.0,21.7,6.3,Genuine Deal,4.2,246,5.3,4.5
PRD_2094,Borosil Glass Lunch Box Set - Standard,Flipkart,Home & Kitchen,Cookware & Dining,2581,2271,1614,37.5,28.9,8.6,Genuine Deal,4.2,290,4.7,4.7
PRD_2095,LG 1.5 Ton 5 Star Inverter AC - Classic,Amazon,Appliances,Large Appliances,33201,31159,30295,8.8,2.8,6.0,Artificial / Slight Hike,4.1,39,6.1,4.0
PRD_2096,W for Woman Straight Kurti - Classic,Flipkart,Fashion,Women Apparel,2910,2576,2519,13.4,2.2,11.2,Artificial / Slight Hike,3.7,3001,8.0,3.7
PRD_2097,IFB 7Kg Front Load Washing Machine - Plus,Amazon,Appliances,Large Appliances,40667,36104,26467,34.9,26.7,8.2,Genuine Deal,4.5,325,10.5,4.0
PRD_2098,Borosil Glass Lunch Box Set - Standard,Flipkart,Home & Kitchen,Cookware & Dining,1446,1287,840,41.9,34.7,7.2,Genuine Deal,4.6,2490,3.6,4.3
PRD_2099,The Derma Co 1% Hyaluronic Sunscreen - Series 2026,Flipkart,Beauty & Personal Care,Skincare,1106,990,1056,4.5,-6.7,11.2,Fake Discount (Hidden Markup),4.1,342,17.2,3.8
PRD_2100,Braun Series 3 Shaver - Standard,Flipkart,Beauty & Personal Care,Grooming,1333,1111,1085,18.6,2.3,16.3,Artificial / Slight Hike,3.9,118,3.7,3.9
PRD_2101,Sparx Running Shoes - Ultra,Amazon,Fashion,Footwear,4231,3621,2594,38.7,28.4,10.3,Genuine Deal,4.1,166,7.2,4.9
PRD_2102,Biba Printed Anarkali Kurta - Classic,Flipkart,Fashion,Women Apparel,3683,3282,3609,2.0,-10.0,12.0,Fake Discount (Hidden Markup),2.9,1860,22.8,4.3
PRD_2103,Mamaearth Vitamin C Face Wash - Standard,Amazon,Beauty & Personal Care,Skincare,417,315,335,19.7,-6.3,26.0,Fake Discount (Hidden Markup),2.3,527,21.5,3.3
PRD_2104,Milton Thermosteel Bottle - Series 2026,Flipkart,Home & Kitchen,Cookware & Dining,3306,2535,2932,11.3,-15.7,27.0,Fake Discount (Hidden Markup),2.5,300,16.2,4.5
PRD_2105,Morphy Richards Oven Toast - Series 2026,Flipkart,Home & Kitchen,Kitchen Appliances,7567,6601,6703,11.4,-1.5,12.9,Artificial / Slight Hike,3.6,712,8.6,4.1
PRD_2106,Borosil Glass Lunch Box Set - Standard,Amazon,Home & Kitchen,Cookware & Dining,1847,1707,1309,29.1,23.3,5.8,Genuine Deal,4.4,1822,10.5,3.5
PRD_2107,MacBook Air M2 - Classic,Amazon,Electronics,Laptops & Tablets,72200,67410,58045,19.6,13.9,5.7,Genuine Deal,4.4,2376,8.9,4.8
PRD_2108,US Polo Assn Casual Shirt - Classic,Amazon,Fashion,Men Apparel,1989,1651,1367,31.3,17.2,14.1,Genuine Deal,4.0,411,7.5,3.4
PRD_2109,Biba Printed Anarkali Kurta - Ultra,Flipkart,Fashion,Women Apparel,1780,1436,1380,22.5,3.9,18.6,Artificial / Slight Hike,4.0,84,4.3,3.6
PRD_2110,Levi's 511 Slim Jeans - Pro Edition,Amazon,Fashion,Men Apparel,1744,1594,1253,28.2,21.4,6.8,Genuine Deal,4.0,1618,4.9,3.2
PRD_2111,Samsung 253L Double Door Refrigerator - Series 2026,Amazon,Appliances,Large Appliances,40690,31526,31143,23.5,1.2,22.3,Artificial / Slight Hike,4.8,2399,3.9,3.5
PRD_2112,Braun Series 3 Shaver - Standard,Amazon,Beauty & Personal Care,Grooming,2002,1556,1519,24.1,2.4,21.7,Artificial / Slight Hike,3.8,239,10.1,3.6
PRD_2113,Braun Series 3 Shaver - Classic,Flipkart,Beauty & Personal Care,Grooming,3572,2936,2141,40.1,27.1,13.0,Genuine Deal,4.2,1609,7.7,4.1
PRD_2114,Sparx Running Shoes - Plus,Flipkart,Fashion,Footwear,5169,4616,4678,9.5,-1.3,10.8,Artificial / Slight Hike,4.6,290,3.4,4.5
PRD_2115,Borosil Glass Lunch Box Set - Series 2026,Amazon,Home & Kitchen,Cookware & Dining,2634,2288,1692,35.8,26.0,9.8,Genuine Deal,4.2,2991,3.7,4.5
PRD_2116,IFB 7Kg Front Load Washing Machine - Pro Edition,Amazon,Appliances,Large Appliances,43769,36214,32404,26.0,10.5,15.5,Genuine Deal,3.6,1610,7.1,3.4
PRD_2117,Van Heusen Formal Shirt - Series 2026,Amazon,Fashion,Men Apparel,1734,1453,1398,19.4,3.8,15.6,Artificial / Slight Hike,4.8,1609,7.6,4.8
PRD_2118,Borosil Glass Lunch Box Set - Standard,Amazon,Home & Kitchen,Cookware & Dining,2471,1970,1504,39.1,23.7,15.4,Genuine Deal,4.3,485,3.8,3.2
PRD_2119,Apple Watch SE - Plus,Flipkart,Electronics,Smartwatches,25959,20887,23753,8.5,-13.7,22.2,Fake Discount (Hidden Markup),3.4,885,22.7,3.8
PRD_2120,Minimalist 10% Niacinamide Serum - Ultra,Flipkart,Beauty & Personal Care,Skincare,690,617,640,7.2,-3.7,10.9,Fake Discount (Hidden Markup),2.7,2097,14.6,4.2
PRD_2121,Prestige Induction Cooktop - Pro Edition,Amazon,Home & Kitchen,Kitchen Appliances,3193,2443,2718,14.9,-11.3,26.2,Fake Discount (Hidden Markup),3.5,195,26.4,3.6
PRD_2122,Fire-Boltt Ninja - Series 2026,Amazon,Electronics,Smartwatches,22577,19095,20453,9.4,-7.1,16.5,Fake Discount (Hidden Markup),3.3,279,19.9,4.5
PRD_2123,Morphy Richards Oven Toast - Series 2026,Amazon,Home & Kitchen,Kitchen Appliances,3819,3299,3217,15.8,2.5,13.3,Artificial / Slight Hike,4.6,1098,4.3,4.7
PRD_2124,Milton Thermosteel Bottle - Ultra,Amazon,Home & Kitchen,Cookware & Dining,2573,2291,2060,19.9,10.1,9.8,Genuine Deal,3.7,3926,9.3,3.9
PRD_2125,Noise Two Wireless - Plus,Amazon,Electronics,Audio & Headphones,27144,24724,26035,4.1,-5.3,9.4,Fake Discount (Hidden Markup),2.9,541,13.8,3.5
PRD_2126,Voltas 1.5 Ton Split AC - Series 2026,Flipkart,Appliances,Large Appliances,27543,22375,24827,9.9,-11.0,20.9,Fake Discount (Hidden Markup),3.1,2689,15.8,4.9
PRD_2127,Apple iPhone 15 - Lite,Amazon,Electronics,Smartphones,76884,71749,72215,6.1,-0.6,6.7,Artificial / Slight Hike,4.1,919,10.0,3.8
PRD_2128,Borosil Glass Lunch Box Set - Classic,Amazon,Home & Kitchen,Cookware & Dining,1261,1113,1211,4.0,-8.8,12.8,Fake Discount (Hidden Markup),2.9,1831,20.3,3.8
PRD_2129,Bajaj Mixer Grinder 750W - Series 2026,Amazon,Home & Kitchen,Kitchen Appliances,8270,6397,5636,31.9,11.9,20.0,Genuine Deal,4.8,1191,6.5,4.3
PRD_2130,Allen Solly Polo T-Shirt - Classic,Flipkart,Fashion,Men Apparel,2904,2199,1831,36.9,16.7,20.2,Genuine Deal,3.7,202,9.0,3.4
PRD_2131,Zara Floral Dress - Standard,Flipkart,Fashion,Women Apparel,2550,2205,2133,16.4,3.3,13.1,Artificial / Slight Hike,4.1,515,5.7,3.5
PRD_2132,Bata Formal Oxford - Lite,Amazon,Fashion,Footwear,7477,6244,7194,3.8,-15.2,19.0,Fake Discount (Hidden Markup),3.9,4137,20.8,4.9
PRD_2133,Levi's Women Skinny Jeans - Plus,Flipkart,Fashion,Women Apparel,2128,1795,2043,4.0,-13.8,17.8,Fake Discount (Hidden Markup),3.4,3022,23.4,3.6
PRD_2134,Borosil Glass Lunch Box Set - Series 2026,Flipkart,Home & Kitchen,Cookware & Dining,1637,1370,1579,3.5,-15.3,18.8,Fake Discount (Hidden Markup),3.2,424,13.2,3.8
PRD_2135,Samsung 253L Double Door Refrigerator - Ultra,Flipkart,Appliances,Large Appliances,45438,36755,41849,7.9,-13.9,21.8,Fake Discount (Hidden Markup),2.5,2142,13.8,4.4
PRD_2136,Morphy Richards Oven Toast - Standard,Flipkart,Home & Kitchen,Kitchen Appliances,9569,7911,6287,34.3,20.5,13.8,Genuine Deal,4.5,2703,10.8,3.8
PRD_2137,Philips Trimmer BT3231 - Pro Edition,Flipkart,Beauty & Personal Care,Grooming,2777,2562,2525,9.1,1.4,7.7,Artificial / Slight Hike,4.9,3512,10.1,3.4
PRD_2138,LG 1.5 Ton 5 Star Inverter AC - Ultra,Amazon,Appliances,Large Appliances,40722,37375,38004,6.7,-1.7,8.4,Artificial / Slight Hike,4.0,246,10.4,3.3
PRD_2139,Samsung Galaxy Watch 6 - Pro Edition,Flipkart,Electronics,Smartwatches,1686,1445,972,42.3,32.7,9.6,Genuine Deal,4.3,160,3.6,3.9
PRD_2140,Puma Smash v2 - Classic,Amazon,Fashion,Footwear,11712,11086,11662,0.4,-5.2,5.6,Fake Discount (Hidden Markup),2.1,4747,23.0,4.8
PRD_2141,Fastrack Limitless FS1 - Series 2026,Flipkart,Electronics,Smartwatches,24052,21978,24002,0.2,-9.2,9.4,Fake Discount (Hidden Markup),3.8,661,20.6,4.9
PRD_2142,US Polo Assn Casual Shirt - Lite,Amazon,Fashion,Men Apparel,2558,2149,1912,25.3,11.0,14.3,Genuine Deal,3.9,372,4.5,3.7
PRD_2143,Apple iPhone 15 - Series 2026,Amazon,Electronics,Smartphones,52613,45308,43964,16.4,3.0,13.4,Artificial / Slight Hike,4.2,3703,8.1,4.6
PRD_2144,Apple Watch SE - Pro Edition,Flipkart,Electronics,Smartwatches,6081,4975,3329,45.3,33.1,12.2,Genuine Deal,4.3,201,5.6,3.8
PRD_2145,IFB 7Kg Front Load Washing Machine - Series 2026,Flipkart,Appliances,Large Appliances,43342,38784,42176,2.7,-8.7,11.4,Fake Discount (Hidden Markup),2.5,558,27.6,4.2
PRD_2146,Morphy Richards Oven Toast - Ultra,Flipkart,Home & Kitchen,Kitchen Appliances,4053,3421,4003,1.2,-17.0,18.2,Fake Discount (Hidden Markup),2.3,4663,16.3,3.7
PRD_2147,IFB 7Kg Front Load Washing Machine - Plus,Flipkart,Appliances,Large Appliances,26973,21004,22864,15.2,-8.9,24.1,Fake Discount (Hidden Markup),3.7,145,17.7,4.5
PRD_2148,Samsung 253L Double Door Refrigerator - Standard,Amazon,Appliances,Large Appliances,47366,36827,39281,17.1,-6.7,23.8,Fake Discount (Hidden Markup),3.6,4567,15.4,3.3
PRD_2149,Van Heusen Formal Shirt - Standard,Amazon,Fashion,Men Apparel,2822,2469,2394,15.2,3.0,12.2,Artificial / Slight Hike,3.6,3542,9.4,3.3
PRD_2150,W for Woman Straight Kurti - Classic,Amazon,Fashion,Women Apparel,2910,2460,1880,35.4,23.6,11.8,Genuine Deal,4.8,1296,4.6,3.3
PRD_2151,Apple Watch SE - Standard,Amazon,Electronics,Smartwatches,2181,1997,1952,10.5,2.3,8.2,Artificial / Slight Hike,3.9,261,8.3,4.2
PRD_2152,Noise Two Wireless - Standard,Amazon,Electronics,Audio & Headphones,11023,8689,6818,38.1,21.5,16.6,Genuine Deal,4.2,3732,5.7,4.4
PRD_2153,Levi's 511 Slim Jeans - Lite,Amazon,Fashion,Men Apparel,2551,1951,2124,16.7,-8.9,25.6,Fake Discount (Hidden Markup),3.0,149,13.3,4.0
PRD_2154,IFB 7Kg Front Load Washing Machine - Plus,Amazon,Appliances,Large Appliances,40287,35862,38613,4.2,-7.7,11.9,Fake Discount (Hidden Markup),3.2,944,24.9,4.7
PRD_2155,Puma Smash v2 - Standard,Flipkart,Fashion,Footwear,8195,6419,6243,23.8,2.7,21.1,Artificial / Slight Hike,4.0,1202,6.1,4.1
PRD_2156,Samsung Galaxy S23 - Ultra,Amazon,Electronics,Smartphones,50292,39236,26139,48.0,33.4,14.6,Genuine Deal,4.8,2200,10.7,3.8
PRD_2157,LG 1.5 Ton 5 Star Inverter AC - Standard,Amazon,Appliances,Large Appliances,24106,21374,22868,5.1,-7.0,12.1,Fake Discount (Hidden Markup),3.6,1066,17.7,3.4
PRD_2158,Levi's Women Skinny Jeans - Series 2026,Amazon,Fashion,Women Apparel,3086,2413,1655,46.4,31.4,15.0,Genuine Deal,4.5,272,4.4,4.8
PRD_2159,Zara Floral Dress - Classic,Amazon,Fashion,Women Apparel,3227,2523,2001,38.0,20.7,17.3,Genuine Deal,4.9,2750,9.3,3.9
PRD_2160,Voltas 1.5 Ton Split AC - Series 2026,Flipkart,Appliances,Large Appliances,28513,25312,28463,0.2,-12.4,12.6,Fake Discount (Hidden Markup),2.4,299,23.6,3.9
PRD_2161,Redmi Note 13 Pro - Pro Edition,Flipkart,Electronics,Smartphones,66390,50616,51598,22.3,-1.9,24.2,Artificial / Slight Hike,4.0,517,6.2,3.9
PRD_2162,JBL Tune 510BT - Lite,Amazon,Electronics,Audio & Headphones,21461,18493,15286,28.8,17.3,11.5,Genuine Deal,3.9,139,5.1,3.8
PRD_2163,LG 1.5 Ton 5 Star Inverter AC - Standard,Flipkart,Appliances,Large Appliances,30462,24867,24497,19.6,1.5,18.1,Artificial / Slight Hike,4.8,1630,3.2,4.8
PRD_2164,Samsung 253L Double Door Refrigerator - Classic,Amazon,Appliances,Large Appliances,25578,22157,25528,0.2,-15.2,15.4,Fake Discount (Hidden Markup),3.3,2800,14.3,3.5
PRD_2165,Noise Two Wireless - Ultra,Flipkart,Electronics,Audio & Headphones,23166,18291,18632,19.6,-1.9,21.5,Artificial / Slight Hike,4.3,725,9.0,4.8
PRD_2166,Allen Solly Polo T-Shirt - Classic,Flipkart,Fashion,Men Apparel,1237,934,933,24.6,0.1,24.5,Artificial / Slight Hike,3.7,308,7.1,4.1
PRD_2167,Voltas 1.5 Ton Split AC - Standard,Amazon,Appliances,Large Appliances,46108,35208,35266,23.5,-0.2,23.7,Artificial / Slight Hike,4.2,1233,4.5,4.1
PRD_2168,Nike Air Max SC - Ultra,Amazon,Fashion,Footwear,8999,7319,5354,40.5,26.8,13.7,Genuine Deal,4.8,498,5.8,4.2
PRD_2169,Prestige Omega Deluxe Granite Cookware - Lite,Amazon,Home & Kitchen,Cookware & Dining,2878,2358,2014,30.0,14.6,15.4,Genuine Deal,4.8,1839,10.5,4.8
PRD_2170,Biba Printed Anarkali Kurta - Standard,Flipkart,Fashion,Women Apparel,910,717,829,8.9,-15.6,24.5,Fake Discount (Hidden Markup),3.2,284,16.7,3.8
PRD_2171,Adidas Ultraboost Light - Series 2026,Amazon,Fashion,Footwear,10367,9636,7043,32.1,26.9,5.2,Genuine Deal,3.9,1093,9.3,3.6
PRD_2172,Havells Multi-Grooming Kit - Pro Edition,Flipkart,Beauty & Personal Care,Grooming,993,765,746,24.9,2.5,22.4,Artificial / Slight Hike,3.6,1085,8.0,4.1
PRD_2173,boAt Rockerz 450 - Pro Edition,Amazon,Electronics,Audio & Headphones,16967,13066,14796,12.8,-13.2,26.0,Fake Discount (Hidden Markup),3.6,230,13.3,4.4
PRD_2174,LG 1.5 Ton 5 Star Inverter AC - Series 2026,Flipkart,Appliances,Large Appliances,44683,34614,33944,24.0,1.9,22.1,Artificial / Slight Hike,4.6,642,5.9,4.1
PRD_2175,IFB 7Kg Front Load Washing Machine - Classic,Amazon,Appliances,Large Appliances,36266,30963,27810,23.3,10.2,13.1,Genuine Deal,4.9,565,8.3,4.0
PRD_2176,boAt Rockerz 450 - Lite,Flipkart,Electronics,Audio & Headphones,26096,22940,25987,0.4,-13.3,13.7,Fake Discount (Hidden Markup),3.7,296,23.2,3.3
PRD_2177,Philips Air Fryer HD9200 - Pro Edition,Amazon,Home & Kitchen,Kitchen Appliances,6030,5351,3838,36.4,28.3,8.1,Genuine Deal,4.0,601,8.7,4.5
PRD_2178,W for Woman Straight Kurti - Classic,Amazon,Fashion,Women Apparel,2828,2571,2778,1.8,-8.1,9.9,Fake Discount (Hidden Markup),2.9,609,15.2,4.0
PRD_2179,OnePlus 12R - Pro Edition,Amazon,Electronics,Smartphones,67342,51679,55788,17.2,-8.0,25.2,Fake Discount (Hidden Markup),3.9,1050,18.2,4.6
PRD_2180,Voltas 1.5 Ton Split AC - Lite,Amazon,Appliances,Large Appliances,34841,28787,20834,40.2,27.6,12.6,Genuine Deal,4.3,434,7.2,4.2
PRD_2181,Prestige Induction Cooktop - Ultra,Amazon,Home & Kitchen,Kitchen Appliances,7748,6460,6262,19.2,3.1,16.1,Artificial / Slight Hike,3.9,222,6.5,4.2
PRD_2182,Sparx Running Shoes - Ultra,Flipkart,Fashion,Footwear,1829,1486,1438,21.4,3.2,18.2,Artificial / Slight Hike,4.5,1170,3.1,3.4
PRD_2183,Samsung 253L Double Door Refrigerator - Lite,Amazon,Appliances,Large Appliances,29265,26390,25422,13.1,3.7,9.4,Artificial / Slight Hike,4.2,1419,8.3,4.7
PRD_2184,MacBook Air M2 - Ultra,Flipkart,Electronics,Laptops & Tablets,90276,73073,56528,37.4,22.6,14.8,Genuine Deal,3.6,989,8.2,4.3
PRD_2185,Samsung 253L Double Door Refrigerator - Lite,Flipkart,Appliances,Large Appliances,37409,31835,36520,2.4,-14.7,17.1,Fake Discount (Hidden Markup),3.6,977,12.7,4.0
PRD_2186,Zara Floral Dress - Series 2026,Flipkart,Fashion,Women Apparel,4490,3419,3343,25.5,2.2,23.3,Artificial / Slight Hike,3.8,93,10.0,3.7
PRD_2187,HP Pavilion 15 - Plus,Amazon,Electronics,Laptops & Tablets,93004,70048,47898,48.5,31.6,16.9,Genuine Deal,4.1,385,6.1,3.3
PRD_2188,Biba Printed Anarkali Kurta - Classic,Flipkart,Fashion,Women Apparel,1532,1247,1230,19.7,1.4,18.3,Artificial / Slight Hike,4.7,531,3.8,4.1
PRD_2189,Fastrack Limitless FS1 - Plus,Amazon,Electronics,Smartwatches,24649,22968,23339,5.3,-1.6,6.9,Artificial / Slight Hike,4.1,994,7.8,3.9
PRD_2190,Zara Floral Dress - Plus,Amazon,Fashion,Women Apparel,4271,3719,3656,14.4,1.7,12.7,Artificial / Slight Hike,4.0,1299,8.2,4.2
PRD_2191,Van Heusen Formal Shirt - Plus,Amazon,Fashion,Men Apparel,1045,964,682,34.7,29.3,5.4,Genuine Deal,4.0,3482,3.2,3.5
PRD_2192,IFB 7Kg Front Load Washing Machine - Standard,Flipkart,Appliances,Large Appliances,47287,44371,38765,18.0,12.6,5.4,Genuine Deal,4.5,554,7.8,3.3
PRD_2193,HP Pavilion 15 - Standard,Flipkart,Electronics,Laptops & Tablets,61954,58627,47221,23.8,19.5,4.3,Genuine Deal,4.5,679,4.8,4.1
PRD_2194,Milton Thermosteel Bottle - Plus,Flipkart,Home & Kitchen,Cookware & Dining,2212,1771,1405,36.5,20.7,15.8,Genuine Deal,3.6,811,3.3,3.7
PRD_2195,Levi's Women Skinny Jeans - Standard,Flipkart,Fashion,Women Apparel,2589,2438,2539,1.9,-4.1,6.0,Fake Discount (Hidden Markup),2.5,205,13.9,4.3
PRD_2196,LG 1.5 Ton 5 Star Inverter AC - Lite,Amazon,Appliances,Large Appliances,40330,36178,26463,34.4,26.9,7.5,Genuine Deal,3.7,834,6.6,3.8
PRD_2197,W for Woman Straight Kurti - Classic,Amazon,Fashion,Women Apparel,3290,2829,2545,22.6,10.0,12.6,Genuine Deal,4.3,4312,7.7,3.8
PRD_2198,Bajaj Mixer Grinder 750W - Lite,Flipkart,Home & Kitchen,Kitchen Appliances,3871,3206,3179,17.9,0.8,17.1,Artificial / Slight Hike,4.7,422,6.6,4.7
PRD_2199,Apple Watch SE - Pro Edition,Flipkart,Electronics,Smartwatches,31153,26115,17701,43.2,32.2,11.0,Genuine Deal,4.2,3420,5.5,4.6
PRD_2200,Sparx Running Shoes - Pro Edition,Amazon,Fashion,Footwear,2808,2345,2550,9.2,-8.7,17.9,Fake Discount (Hidden Markup),3.7,68,19.8,4.5
PRD_2201,US Polo Assn Casual Shirt - Lite,Amazon,Fashion,Men Apparel,3345,2982,2587,22.7,13.2,9.5,Genuine Deal,4.8,1644,8.7,4.0
PRD_2202,Levi's Women Skinny Jeans - Lite,Amazon,Fashion,Women Apparel,4421,3762,3950,10.7,-5.0,15.7,Fake Discount (Hidden Markup),3.9,467,17.0,3.6
PRD_2203,Morphy Richards Oven Toast - Pro Edition,Amazon,Home & Kitchen,Kitchen Appliances,10040,9332,6387,36.4,31.6,4.8,Genuine Deal,4.1,877,4.4,3.9
PRD_2204,HP Pavilion 15 - Ultra,Flipkart,Electronics,Laptops & Tablets,66300,59667,51672,22.1,13.4,8.7,Genuine Deal,4.2,665,4.1,3.5
PRD_2205,Minimalist 10% Niacinamide Serum - Ultra,Amazon,Beauty & Personal Care,Skincare,888,826,538,39.4,34.9,4.5,Genuine Deal,4.5,307,8.8,3.3
PRD_2206,Milton Thermosteel Bottle - Series 2026,Amazon,Home & Kitchen,Cookware & Dining,1174,980,681,42.0,30.5,11.5,Genuine Deal,3.8,36,6.7,4.0
PRD_2207,Samsung Galaxy S23 - Standard,Amazon,Electronics,Smartphones,75260,64146,46378,38.4,27.7,10.7,Genuine Deal,4.1,2710,7.2,3.6
PRD_2208,Milton Thermosteel Bottle - Classic,Amazon,Home & Kitchen,Cookware & Dining,875,709,473,45.9,33.3,12.6,Genuine Deal,3.9,442,5.0,4.5
PRD_2209,Apple Watch SE - Ultra,Amazon,Electronics,Smartwatches,29849,23839,16465,44.8,30.9,13.9,Genuine Deal,4.8,180,10.9,4.2
PRD_2210,Voltas 1.5 Ton Split AC - Standard,Amazon,Appliances,Large Appliances,45625,35966,37818,17.1,-5.1,22.2,Fake Discount (Hidden Markup),4.0,1940,19.6,3.4
PRD_2211,Braun Series 3 Shaver - Standard,Amazon,Beauty & Personal Care,Grooming,1257,991,814,35.2,17.9,17.3,Genuine Deal,3.8,372,7.7,3.6
PRD_2212,Braun Series 3 Shaver - Standard,Flipkart,Beauty & Personal Care,Grooming,2024,1664,1793,11.4,-7.8,19.2,Fake Discount (Hidden Markup),2.2,204,20.6,3.5
PRD_2213,Samsung 253L Double Door Refrigerator - Lite,Flipkart,Appliances,Large Appliances,25558,20765,22871,10.5,-10.1,20.6,Fake Discount (Hidden Markup),3.3,2157,27.4,4.0
PRD_2214,Voltas 1.5 Ton Split AC - Series 2026,Flipkart,Appliances,Large Appliances,47490,41523,29821,37.2,28.2,9.0,Genuine Deal,4.7,194,4.0,4.6
PRD_2215,Mamaearth Vitamin C Face Wash - Pro Edition,Flipkart,Beauty & Personal Care,Skincare,670,555,470,29.9,15.3,14.6,Genuine Deal,4.0,877,7.1,4.6
PRD_2216,Havells Multi-Grooming Kit - Series 2026,Flipkart,Beauty & Personal Care,Grooming,2999,2447,2651,11.6,-8.3,19.9,Fake Discount (Hidden Markup),3.3,1850,19.4,3.7
PRD_2217,Philips Air Fryer HD9200 - Plus,Amazon,Home & Kitchen,Kitchen Appliances,6402,5638,5429,15.2,3.7,11.5,Artificial / Slight Hike,4.2,1295,6.7,3.4
PRD_2218,LG 1.5 Ton 5 Star Inverter AC - Standard,Amazon,Appliances,Large Appliances,23003,21770,21874,4.9,-0.5,5.4,Artificial / Slight Hike,4.5,2729,8.8,4.5
PRD_2219,Prestige Omega Deluxe Granite Cookware - Pro Edition,Amazon,Home & Kitchen,Cookware & Dining,930,836,880,5.4,-5.3,10.7,Fake Discount (Hidden Markup),3.8,587,20.3,4.8
PRD_2220,Biba Printed Anarkali Kurta - Standard,Flipkart,Fashion,Women Apparel,2912,2651,2313,20.6,12.7,7.9,Genuine Deal,4.3,508,9.1,3.8
PRD_2221,Milton Thermosteel Bottle - Lite,Flipkart,Home & Kitchen,Cookware & Dining,1001,839,746,25.5,11.1,14.4,Genuine Deal,3.6,1094,9.7,3.8
PRD_2222,Levi's 511 Slim Jeans - Lite,Amazon,Fashion,Men Apparel,3131,2763,2770,11.5,-0.3,11.8,Artificial / Slight Hike,4.8,354,9.2,4.8
PRD_2223,Havells Multi-Grooming Kit - Ultra,Flipkart,Beauty & Personal Care,Grooming,1126,973,939,16.6,3.5,13.1,Artificial / Slight Hike,4.9,4259,9.0,4.5
PRD_2224,boAt Rockerz 450 - Series 2026,Flipkart,Electronics,Audio & Headphones,12373,10154,8444,31.8,16.8,15.0,Genuine Deal,4.4,62,10.5,4.5
PRD_2225,IFB 7Kg Front Load Washing Machine - Series 2026,Amazon,Appliances,Large Appliances,39824,32375,21860,45.1,32.5,12.6,Genuine Deal,4.0,1731,9.0,4.3
PRD_2226,OnePlus 12R - Standard,Amazon,Electronics,Smartphones,29015,26907,28965,0.2,-7.6,7.8,Fake Discount (Hidden Markup),2.7,591,27.4,3.2
PRD_2227,Realme Narzo 60 - Series 2026,Amazon,Electronics,Smartphones,17162,15612,13767,19.8,11.8,8.0,Genuine Deal,4.1,986,3.2,3.6
PRD_2228,Levi's Women Skinny Jeans - Series 2026,Flipkart,Fashion,Women Apparel,2974,2705,2420,18.6,10.5,8.1,Genuine Deal,4.8,1951,8.8,4.9
PRD_2229,Sparx Running Shoes - Standard,Amazon,Fashion,Footwear,4572,4248,4186,8.4,1.5,6.9,Artificial / Slight Hike,4.8,1428,6.5,4.2
PRD_2230,Prestige Induction Cooktop - Plus,Amazon,Home & Kitchen,Kitchen Appliances,6192,5246,4113,33.6,21.6,12.0,Genuine Deal,4.4,824,6.9,3.3
PRD_2231,HP Pavilion 15 - Standard,Flipkart,Electronics,Laptops & Tablets,68605,53328,47794,30.3,10.4,19.9,Genuine Deal,4.2,983,6.5,4.6
PRD_2232,Morphy Richards Oven Toast - Ultra,Amazon,Home & Kitchen,Kitchen Appliances,2548,2097,2053,19.4,2.1,17.3,Artificial / Slight Hike,3.9,974,5.6,3.5
PRD_2233,Philips Trimmer BT3231 - Classic,Amazon,Beauty & Personal Care,Grooming,1325,1035,700,47.2,32.4,14.8,Genuine Deal,4.2,2742,7.4,3.7
PRD_2234,Sennheiser HD 450SE - Plus,Amazon,Electronics,Audio & Headphones,25232,20905,14604,42.1,30.1,12.0,Genuine Deal,4.0,599,5.6,4.3
PRD_2235,Lenovo IdeaPad Slim 3 - Standard,Flipkart,Electronics,Laptops & Tablets,77424,69678,68667,11.3,1.5,9.8,Artificial / Slight Hike,3.7,70,4.4,4.6
PRD_2236,Samsung 253L Double Door Refrigerator - Series 2026,Amazon,Appliances,Large Appliances,35656,28867,31942,10.4,-10.7,21.1,Fake Discount (Hidden Markup),2.9,2124,17.9,3.5
PRD_2237,Samsung 253L Double Door Refrigerator - Lite,Amazon,Appliances,Large Appliances,36632,32973,35095,4.2,-6.4,10.6,Fake Discount (Hidden Markup),3.8,268,21.6,4.1
PRD_2238,Prestige Induction Cooktop - Pro Edition,Flipkart,Home & Kitchen,Kitchen Appliances,2101,1581,1161,44.7,26.6,18.1,Genuine Deal,4.1,548,8.2,4.3
PRD_2239,Nike Air Max SC - Lite,Amazon,Fashion,Footwear,8157,7292,5806,28.8,20.4,8.4,Genuine Deal,4.2,1484,6.7,3.7
PRD_2240,IFB 7Kg Front Load Washing Machine - Standard,Amazon,Appliances,Large Appliances,41029,34374,26551,35.3,22.8,12.5,Genuine Deal,4.3,94,7.7,4.9
PRD_2241,Bajaj Mixer Grinder 750W - Pro Edition,Amazon,Home & Kitchen,Kitchen Appliances,3110,2483,2891,7.0,-16.4,23.4,Fake Discount (Hidden Markup),3.3,38,25.8,3.4
PRD_2242,Biba Printed Anarkali Kurta - Pro Edition,Flipkart,Fashion,Women Apparel,2586,2212,1509,41.6,31.8,9.8,Genuine Deal,3.8,1805,5.8,3.3
PRD_2243,Morphy Richards Oven Toast - Pro Edition,Amazon,Home & Kitchen,Kitchen Appliances,9824,8705,8838,10.0,-1.5,11.5,Artificial / Slight Hike,3.9,474,3.8,4.7
PRD_2244,IFB 7Kg Front Load Washing Machine - Lite,Flipkart,Appliances,Large Appliances,46174,35854,31116,32.6,13.2,19.4,Genuine Deal,4.2,1498,6.7,3.4
PRD_2245,Samsung 253L Double Door Refrigerator - Classic,Amazon,Appliances,Large Appliances,40823,34168,33030,19.1,3.3,15.8,Artificial / Slight Hike,4.6,2033,9.5,4.3
PRD_2246,Philips Air Fryer HD9200 - Classic,Flipkart,Home & Kitchen,Kitchen Appliances,1868,1417,963,48.4,32.0,16.4,Genuine Deal,4.8,196,7.2,4.2
PRD_2247,Morphy Richards Oven Toast - Classic,Flipkart,Home & Kitchen,Kitchen Appliances,5401,4225,4790,11.3,-13.4,24.7,Fake Discount (Hidden Markup),3.8,1424,21.6,4.4
PRD_2248,Philips Air Fryer HD9200 - Lite,Flipkart,Home & Kitchen,Kitchen Appliances,3446,2657,3126,9.3,-17.7,27.0,Fake Discount (Hidden Markup),4.0,875,16.4,3.5
PRD_2249,Voltas 1.5 Ton Split AC - Standard,Flipkart,Appliances,Large Appliances,33267,26555,23632,29.0,11.0,18.0,Genuine Deal,4.6,6517,6.4,3.4
PRD_2250,Redmi Note 13 Pro - Series 2026,Amazon,Electronics,Smartphones,35978,32099,34862,3.1,-8.6,11.7,Fake Discount (Hidden Markup),3.8,161,13.5,4.7
PRD_2251,Lenovo IdeaPad Slim 3 - Lite,Flipkart,Electronics,Laptops & Tablets,40807,31952,25121,38.4,21.4,17.0,Genuine Deal,3.6,1785,6.1,4.6
PRD_2252,IFB 7Kg Front Load Washing Machine - Standard,Amazon,Appliances,Large Appliances,26863,22892,25729,4.2,-12.4,16.6,Fake Discount (Hidden Markup),3.9,1422,22.2,4.3
PRD_2253,Borosil Glass Lunch Box Set - Classic,Amazon,Home & Kitchen,Cookware & Dining,3922,3173,3348,14.6,-5.5,20.1,Fake Discount (Hidden Markup),2.6,261,18.0,3.3
PRD_2254,OnePlus 12R - Classic,Flipkart,Electronics,Smartphones,69181,65127,65951,4.7,-1.3,6.0,Artificial / Slight Hike,4.2,847,6.5,4.7
PRD_2255,Biba Printed Anarkali Kurta - Lite,Flipkart,Fashion,Women Apparel,1560,1358,1349,13.5,0.7,12.8,Artificial / Slight Hike,4.6,182,8.8,3.3
PRD_2256,Cetaphil Gentle Skin Cleanser - Standard,Amazon,Beauty & Personal Care,Skincare,1162,1017,1112,4.3,-9.3,13.6,Fake Discount (Hidden Markup),2.3,490,25.5,4.2
PRD_2257,Bata Formal Oxford - Lite,Amazon,Fashion,Footwear,5737,4430,5103,11.1,-15.2,26.3,Fake Discount (Hidden Markup),3.0,833,12.6,4.7
PRD_2258,Morphy Richards Oven Toast - Classic,Amazon,Home & Kitchen,Kitchen Appliances,7933,6604,6568,17.2,0.5,16.7,Artificial / Slight Hike,4.7,1790,8.6,4.5
PRD_2259,Milton Thermosteel Bottle - Series 2026,Amazon,Home & Kitchen,Cookware & Dining,3941,3484,3891,1.3,-11.7,13.0,Fake Discount (Hidden Markup),4.0,1313,24.6,4.7
PRD_2260,Fire-Boltt Ninja - Lite,Flipkart,Electronics,Smartwatches,30843,24491,27965,9.3,-14.2,23.5,Fake Discount (Hidden Markup),3.6,3116,20.4,4.6
PRD_2261,Morphy Richards Oven Toast - Ultra,Flipkart,Home & Kitchen,Kitchen Appliances,1838,1402,1404,23.6,-0.1,23.7,Artificial / Slight Hike,3.8,2193,9.6,4.6
PRD_2262,Fire-Boltt Ninja - Plus,Amazon,Electronics,Smartwatches,26925,25107,24849,7.7,1.0,6.7,Artificial / Slight Hike,4.3,58,10.4,4.5
PRD_2263,LG 1.5 Ton 5 Star Inverter AC - Classic,Amazon,Appliances,Large Appliances,45366,37712,31469,30.6,16.6,14.0,Genuine Deal,4.2,118,4.0,4.4
PRD_2264,LG 1.5 Ton 5 Star Inverter AC - Plus,Amazon,Appliances,Large Appliances,37856,32606,24904,34.2,23.6,10.6,Genuine Deal,3.7,1219,9.6,4.1
PRD_2265,Havells Multi-Grooming Kit - Pro Edition,Amazon,Beauty & Personal Care,Grooming,2003,1594,1622,19.0,-1.8,20.8,Artificial / Slight Hike,4.3,6603,3.7,4.7
PRD_2266,Prestige Omega Deluxe Granite Cookware - Classic,Flipkart,Home & Kitchen,Cookware & Dining,1737,1400,1372,21.0,2.0,19.0,Artificial / Slight Hike,4.0,682,5.6,3.4
PRD_2267,Philips Trimmer BT3231 - Series 2026,Amazon,Beauty & Personal Care,Grooming,3492,2970,2858,18.2,3.8,14.4,Artificial / Slight Hike,4.8,789,4.4,4.9
PRD_2268,Havells Multi-Grooming Kit - Ultra,Amazon,Beauty & Personal Care,Grooming,1231,987,1160,5.8,-17.5,23.3,Fake Discount (Hidden Markup),3.6,69,15.9,4.9
PRD_2269,Minimalist 10% Niacinamide Serum - Series 2026,Flipkart,Beauty & Personal Care,Skincare,332,264,268,19.3,-1.5,20.8,Artificial / Slight Hike,4.3,1431,7.1,3.3
PRD_2270,Cetaphil Gentle Skin Cleanser - Ultra,Amazon,Beauty & Personal Care,Skincare,372,311,247,33.6,20.6,13.0,Genuine Deal,3.7,68,6.2,4.6
PRD_2271,Havells Multi-Grooming Kit - Pro Edition,Flipkart,Beauty & Personal Care,Grooming,1108,894,633,42.9,29.2,13.7,Genuine Deal,4.2,740,5.8,4.5
PRD_2272,Apple Watch SE - Ultra,Amazon,Electronics,Smartwatches,15786,12201,8136,48.5,33.3,15.2,Genuine Deal,4.4,1718,10.5,3.4
PRD_2273,Van Heusen Formal Shirt - Classic,Amazon,Fashion,Men Apparel,1046,803,844,19.3,-5.1,24.4,Fake Discount (Hidden Markup),3.6,583,16.9,4.0
PRD_2274,LG 1.5 Ton 5 Star Inverter AC - Series 2026,Amazon,Appliances,Large Appliances,31380,24624,24342,22.4,1.1,21.3,Artificial / Slight Hike,4.9,823,3.5,4.5
PRD_2275,Sparx Running Shoes - Ultra,Flipkart,Fashion,Footwear,4550,3485,3496,23.2,-0.3,23.5,Artificial / Slight Hike,4.2,510,9.8,4.1
PRD_2276,Borosil Glass Lunch Box Set - Plus,Amazon,Home & Kitchen,Cookware & Dining,3692,2792,2683,27.3,3.9,23.4,Artificial / Slight Hike,4.3,982,6.5,3.4
PRD_2277,Havells Multi-Grooming Kit - Lite,Amazon,Beauty & Personal Care,Grooming,2258,1771,1790,20.7,-1.1,21.8,Artificial / Slight Hike,4.9,1790,10.1,3.9
PRD_2278,Voltas 1.5 Ton Split AC - Plus,Amazon,Appliances,Large Appliances,40183,35428,35831,10.8,-1.1,11.9,Artificial / Slight Hike,3.8,187,4.3,3.5
PRD_2279,Prestige Induction Cooktop - Ultra,Flipkart,Home & Kitchen,Kitchen Appliances,8903,7825,8400,5.6,-7.3,12.9,Fake Discount (Hidden Markup),3.3,1608,13.4,4.9
PRD_2280,IFB 7Kg Front Load Washing Machine - Series 2026,Amazon,Appliances,Large Appliances,39103,35480,28247,27.8,20.4,7.4,Genuine Deal,3.8,452,3.8,4.7
PRD_2281,Noise ColorFit Pulse - Standard,Amazon,Electronics,Smartwatches,16314,12765,10367,36.5,18.8,17.7,Genuine Deal,3.6,102,10.8,4.7
PRD_2282,Milton Thermosteel Bottle - Lite,Amazon,Home & Kitchen,Cookware & Dining,992,854,756,23.8,11.5,12.3,Genuine Deal,4.7,1291,3.4,3.7
PRD_2283,The Derma Co 1% Hyaluronic Sunscreen - Plus,Flipkart,Beauty & Personal Care,Skincare,466,417,407,12.7,2.4,10.3,Artificial / Slight Hike,4.4,1775,7.3,4.5
PRD_2284,Van Heusen Formal Shirt - Ultra,Amazon,Fashion,Men Apparel,3155,2609,2924,7.3,-12.1,19.4,Fake Discount (Hidden Markup),2.5,576,20.7,4.4
PRD_2285,Braun Series 3 Shaver - Plus,Amazon,Beauty & Personal Care,Grooming,2397,2044,2047,14.6,-0.1,14.7,Artificial / Slight Hike,4.9,828,5.2,3.9
PRD_2286,Dell Inspiron 3520 - Standard,Flipkart,Electronics,Laptops & Tablets,85788,78083,84110,2.0,-7.7,9.7,Fake Discount (Hidden Markup),3.4,2568,13.3,3.3
PRD_2287,Voltas 1.5 Ton Split AC - Classic,Flipkart,Appliances,Large Appliances,44685,37761,27218,39.1,27.9,11.2,Genuine Deal,3.7,240,9.3,3.8
PRD_2288,Prestige Omega Deluxe Granite Cookware - Lite,Amazon,Home & Kitchen,Cookware & Dining,3402,3102,3352,1.5,-8.1,9.6,Fake Discount (Hidden Markup),2.5,189,16.8,3.9
PRD_2289,US Polo Assn Casual Shirt - Standard,Flipkart,Fashion,Men Apparel,1671,1469,1464,12.4,0.3,12.1,Artificial / Slight Hike,3.9,1998,6.2,4.8
PRD_2290,Cetaphil Gentle Skin Cleanser - Ultra,Amazon,Beauty & Personal Care,Skincare,862,648,658,23.7,-1.5,25.2,Artificial / Slight Hike,4.8,629,9.3,4.9
PRD_2291,Sparx Running Shoes - Ultra,Amazon,Fashion,Footwear,8624,7929,6075,29.6,23.4,6.2,Genuine Deal,4.3,4014,3.9,4.2
PRD_2292,Braun Series 3 Shaver - Standard,Amazon,Beauty & Personal Care,Grooming,3419,3003,3369,1.5,-12.2,13.7,Fake Discount (Hidden Markup),3.7,164,18.8,3.9
PRD_2293,Morphy Richards Oven Toast - Series 2026,Amazon,Home & Kitchen,Kitchen Appliances,5393,4593,5002,7.3,-8.9,16.2,Fake Discount (Hidden Markup),2.4,2125,14.3,4.5
PRD_2294,Minimalist 10% Niacinamide Serum - Classic,Amazon,Beauty & Personal Care,Skincare,334,279,182,45.5,34.8,10.7,Genuine Deal,4.3,1515,7.4,4.0
PRD_2295,Philips Trimmer BT3231 - Pro Edition,Flipkart,Beauty & Personal Care,Grooming,2088,1699,1967,5.8,-15.8,21.6,Fake Discount (Hidden Markup),3.4,3327,23.8,4.8
PRD_2296,Minimalist 10% Niacinamide Serum - Series 2026,Amazon,Beauty & Personal Care,Skincare,646,491,548,15.2,-11.6,26.8,Fake Discount (Hidden Markup),3.2,747,16.9,4.4
PRD_2297,Morphy Richards Oven Toast - Ultra,Amazon,Home & Kitchen,Kitchen Appliances,4254,3882,3789,10.9,2.4,8.5,Artificial / Slight Hike,4.9,3403,9.5,3.4
PRD_2298,The Derma Co 1% Hyaluronic Sunscreen - Lite,Amazon,Beauty & Personal Care,Skincare,1045,852,922,11.8,-8.2,20.0,Fake Discount (Hidden Markup),3.1,348,20.0,4.2
PRD_2299,Voltas 1.5 Ton Split AC - Pro Edition,Amazon,Appliances,Large Appliances,22440,18974,17070,23.9,10.0,13.9,Genuine Deal,4.0,619,5.2,3.4
PRD_2300,Van Heusen Formal Shirt - Classic,Flipkart,Fashion,Men Apparel,2930,2518,2445,16.6,2.9,13.7,Artificial / Slight Hike,4.2,704,8.6,3.9
PRD_2301,Borosil Glass Lunch Box Set - Lite,Amazon,Home & Kitchen,Cookware & Dining,1756,1587,1542,12.2,2.8,9.4,Artificial / Slight Hike,4.6,5405,5.9,4.2
PRD_2302,Bajaj Mixer Grinder 750W - Pro Edition,Amazon,Home & Kitchen,Kitchen Appliances,4872,3758,3687,24.3,1.9,22.4,Artificial / Slight Hike,3.9,2400,6.3,3.6
PRD_2303,Philips Trimmer BT3231 - Ultra,Amazon,Beauty & Personal Care,Grooming,1740,1571,1690,2.9,-7.6,10.5,Fake Discount (Hidden Markup),2.7,46,24.2,4.1
PRD_2304,IFB 7Kg Front Load Washing Machine - Lite,Flipkart,Appliances,Large Appliances,42129,34907,23291,44.7,33.3,11.4,Genuine Deal,4.5,2070,3.3,3.5
PRD_2305,Noise ColorFit Pulse - Lite,Flipkart,Electronics,Smartwatches,4108,3188,2706,34.1,15.1,19.0,Genuine Deal,4.0,112,7.5,4.0
PRD_2306,Samsung 253L Double Door Refrigerator - Pro Edition,Flipkart,Appliances,Large Appliances,26163,24814,25105,4.0,-1.2,5.2,Artificial / Slight Hike,3.8,295,3.6,4.4
PRD_2307,ASUS Vivobook 15 - Plus,Amazon,Electronics,Laptops & Tablets,37456,28520,19087,49.0,33.1,15.9,Genuine Deal,4.0,359,9.3,4.3
PRD_2308,Redmi Note 13 Pro - Standard,Amazon,Electronics,Smartphones,78510,60122,59479,24.2,1.1,23.1,Artificial / Slight Hike,3.9,754,10.5,3.4
PRD_2309,The Derma Co 1% Hyaluronic Sunscreen - Standard,Amazon,Beauty & Personal Care,Skincare,647,494,476,26.4,3.6,22.8,Artificial / Slight Hike,4.7,548,8.5,3.6
PRD_2310,Dell Inspiron 3520 - Classic,Flipkart,Electronics,Laptops & Tablets,33197,28608,28664,13.7,-0.2,13.9,Artificial / Slight Hike,4.3,1858,4.2,3.8
PRD_2311,Mamaearth Vitamin C Face Wash - Standard,Amazon,Beauty & Personal Care,Skincare,847,738,718,15.2,2.7,12.5,Artificial / Slight Hike,4.7,603,3.8,4.5
PRD_2312,Mamaearth Vitamin C Face Wash - Pro Edition,Amazon,Beauty & Personal Care,Skincare,842,631,635,24.6,-0.6,25.2,Artificial / Slight Hike,3.8,1001,3.3,4.1
PRD_2313,Fastrack Limitless FS1 - Standard,Flipkart,Electronics,Smartwatches,31709,27750,30770,3.0,-10.9,13.9,Fake Discount (Hidden Markup),3.7,1342,24.3,4.7
PRD_2314,IFB 7Kg Front Load Washing Machine - Classic,Flipkart,Appliances,Large Appliances,32364,25837,26078,19.4,-0.9,20.3,Artificial / Slight Hike,3.7,366,8.5,4.0
PRD_2315,Havells Multi-Grooming Kit - Series 2026,Amazon,Beauty & Personal Care,Grooming,3054,2567,1879,38.5,26.8,11.7,Genuine Deal,4.8,1131,9.2,4.9
PRD_2316,Voltas 1.5 Ton Split AC - Classic,Amazon,Appliances,Large Appliances,40477,31732,30643,24.3,3.4,20.9,Artificial / Slight Hike,4.5,259,6.0,4.8
PRD_2317,Voltas 1.5 Ton Split AC - Classic,Flipkart,Appliances,Large Appliances,29909,24499,24450,18.3,0.2,18.1,Artificial / Slight Hike,4.4,70,10.6,4.8
PRD_2318,Milton Thermosteel Bottle - Lite,Amazon,Home & Kitchen,Cookware & Dining,3540,3069,3126,11.7,-1.9,13.6,Artificial / Slight Hike,3.8,1534,8.1,4.2
PRD_2319,Samsung Galaxy Watch 6 - Series 2026,Flipkart,Electronics,Smartwatches,16617,12893,13678,17.7,-6.1,23.8,Fake Discount (Hidden Markup),3.9,1654,19.5,3.4
PRD_2320,Puma Smash v2 - Classic,Amazon,Fashion,Footwear,2031,1781,1795,11.6,-0.8,12.4,Artificial / Slight Hike,4.6,1448,9.0,4.0
PRD_2321,Voltas 1.5 Ton Split AC - Lite,Flipkart,Appliances,Large Appliances,24010,19533,16482,31.4,15.6,15.8,Genuine Deal,4.0,2802,4.4,3.5
PRD_2322,Noise Two Wireless - Standard,Amazon,Electronics,Audio & Headphones,8009,7448,7951,0.7,-6.8,7.5,Fake Discount (Hidden Markup),3.3,327,17.5,4.3
PRD_2323,Cetaphil Gentle Skin Cleanser - Lite,Flipkart,Beauty & Personal Care,Skincare,1142,866,1004,12.1,-15.9,28.0,Fake Discount (Hidden Markup),2.3,633,27.9,3.5
PRD_2324,Biba Printed Anarkali Kurta - Pro Edition,Flipkart,Fashion,Women Apparel,1186,1014,1007,15.1,0.7,14.4,Artificial / Slight Hike,3.7,779,6.9,3.6
PRD_2325,The Derma Co 1% Hyaluronic Sunscreen - Pro Edition,Flipkart,Beauty & Personal Care,Skincare,351,291,296,15.7,-1.7,17.4,Artificial / Slight Hike,4.3,274,7.9,3.7
PRD_2326,Bajaj Mixer Grinder 750W - Classic,Amazon,Home & Kitchen,Kitchen Appliances,4752,4260,4702,1.1,-10.4,11.5,Fake Discount (Hidden Markup),2.2,160,24.3,3.2
PRD_2327,US Polo Assn Casual Shirt - Pro Edition,Flipkart,Fashion,Men Apparel,2660,2004,1993,25.1,0.5,24.6,Artificial / Slight Hike,4.5,1506,11.0,4.5
PRD_2328,Philips Trimmer BT3231 - Lite,Flipkart,Beauty & Personal Care,Grooming,2777,2430,2407,13.3,0.9,12.4,Artificial / Slight Hike,4.2,696,6.3,4.8
PRD_2329,Havells Multi-Grooming Kit - Ultra,Flipkart,Beauty & Personal Care,Grooming,1765,1620,1378,21.9,14.9,7.0,Genuine Deal,4.4,242,9.3,3.4
PRD_2330,W for Woman Straight Kurti - Series 2026,Flipkart,Fashion,Women Apparel,1800,1521,1324,26.4,13.0,13.4,Genuine Deal,3.8,885,9.2,3.2
PRD_2331,Braun Series 3 Shaver - Classic,Flipkart,Beauty & Personal Care,Grooming,2500,1885,1562,37.5,17.1,20.4,Genuine Deal,3.9,591,5.0,4.6
PRD_2332,IFB 7Kg Front Load Washing Machine - Standard,Amazon,Appliances,Large Appliances,24317,23054,18399,24.3,20.2,4.1,Genuine Deal,3.9,1166,4.3,4.9
PRD_2333,Redmi Note 13 Pro - Ultra,Amazon,Electronics,Smartphones,80396,71685,77907,3.1,-8.7,11.8,Fake Discount (Hidden Markup),3.7,435,15.4,3.5
PRD_2334,LG 1.5 Ton 5 Star Inverter AC - Plus,Flipkart,Appliances,Large Appliances,46410,34875,36645,21.0,-5.1,26.1,Fake Discount (Hidden Markup),2.2,534,14.4,4.6
PRD_2335,Morphy Richards Oven Toast - Lite,Flipkart,Home & Kitchen,Kitchen Appliances,10214,8755,6877,32.7,21.5,11.2,Genuine Deal,4.1,712,7.6,3.2
PRD_2336,US Polo Assn Casual Shirt - Classic,Amazon,Fashion,Men Apparel,3368,3094,2159,35.9,30.2,5.7,Genuine Deal,3.9,400,9.4,3.3
PRD_2337,Minimalist 10% Niacinamide Serum - Ultra,Flipkart,Beauty & Personal Care,Skincare,1170,954,635,45.7,33.4,12.3,Genuine Deal,4.3,849,4.0,4.3
PRD_2338,HP Pavilion 15 - Standard,Flipkart,Electronics,Laptops & Tablets,34798,27919,30800,11.5,-10.3,21.8,Fake Discount (Hidden Markup),2.9,3002,27.3,3.6
PRD_2339,MacBook Air M2 - Lite,Flipkart,Electronics,Laptops & Tablets,53190,48642,36295,31.8,25.4,6.4,Genuine Deal,4.1,950,6.2,3.3
PRD_2340,Braun Series 3 Shaver - Classic,Amazon,Beauty & Personal Care,Grooming,3793,3338,3743,1.3,-12.1,13.4,Fake Discount (Hidden Markup),3.5,1867,17.2,4.7
PRD_2341,Mamaearth Vitamin C Face Wash - Series 2026,Flipkart,Beauty & Personal Care,Skincare,1190,1016,817,31.3,19.6,11.7,Genuine Deal,4.4,1130,3.6,4.8
PRD_2342,Nike Air Max SC - Series 2026,Flipkart,Fashion,Footwear,2617,2479,1711,34.6,31.0,3.6,Genuine Deal,3.6,1719,4.9,4.2
PRD_2343,Samsung 253L Double Door Refrigerator - Classic,Flipkart,Appliances,Large Appliances,27541,21289,22408,18.6,-5.3,23.9,Fake Discount (Hidden Markup),3.2,409,17.5,3.8
PRD_2344,Mamaearth Vitamin C Face Wash - Classic,Amazon,Beauty & Personal Care,Skincare,719,636,669,7.0,-5.2,12.2,Fake Discount (Hidden Markup),3.0,515,17.7,3.8
PRD_2345,IFB 7Kg Front Load Washing Machine - Pro Edition,Flipkart,Appliances,Large Appliances,40715,31889,24202,40.6,24.1,16.5,Genuine Deal,3.9,34,8.0,4.0
PRD_2346,Voltas 1.5 Ton Split AC - Standard,Amazon,Appliances,Large Appliances,41894,34791,38332,8.5,-10.2,18.7,Fake Discount (Hidden Markup),2.7,80,26.2,3.4
PRD_2347,Milton Thermosteel Bottle - Pro Edition,Flipkart,Home & Kitchen,Cookware & Dining,3040,2757,2947,3.1,-6.9,10.0,Fake Discount (Hidden Markup),3.0,414,24.6,4.6
PRD_2348,JBL Tune 510BT - Ultra,Flipkart,Electronics,Audio & Headphones,26942,24421,23873,11.4,2.2,9.2,Artificial / Slight Hike,4.8,1073,8.7,4.7
PRD_2349,Havells Multi-Grooming Kit - Ultra,Flipkart,Beauty & Personal Care,Grooming,2732,2310,1995,27.0,13.6,13.4,Genuine Deal,4.3,338,5.3,3.9
PRD_2350,Borosil Glass Lunch Box Set - Lite,Amazon,Home & Kitchen,Cookware & Dining,909,772,859,5.5,-11.3,16.8,Fake Discount (Hidden Markup),2.6,2339,19.0,3.5
PRD_2351,Sennheiser HD 450SE - Lite,Flipkart,Electronics,Audio & Headphones,9744,7908,8459,13.2,-7.0,20.2,Fake Discount (Hidden Markup),2.9,547,19.7,3.7
PRD_2352,Levi's 511 Slim Jeans - Lite,Flipkart,Fashion,Men Apparel,3311,2771,2814,15.0,-1.6,16.6,Artificial / Slight Hike,4.7,1165,5.3,4.9
PRD_2353,Apple iPhone 15 - Classic,Flipkart,Electronics,Smartphones,40577,34143,39839,1.8,-16.7,18.5,Fake Discount (Hidden Markup),3.0,1062,23.1,4.4
PRD_2354,OnePlus Bullets Z2 - Series 2026,Amazon,Electronics,Audio & Headphones,9857,8500,6446,34.6,24.2,10.4,Genuine Deal,3.9,853,10.9,3.5
PRD_2355,HP Pavilion 15 - Lite,Flipkart,Electronics,Laptops & Tablets,74171,62333,43360,41.5,30.4,11.1,Genuine Deal,4.1,2133,5.4,4.3
PRD_2356,Nike Air Max SC - Lite,Amazon,Fashion,Footwear,9657,8086,5957,38.3,26.3,12.0,Genuine Deal,4.3,2587,4.5,3.8
PRD_2357,Cetaphil Gentle Skin Cleanser - Pro Edition,Flipkart,Beauty & Personal Care,Skincare,380,331,282,25.8,14.8,11.0,Genuine Deal,3.6,501,4.5,4.1
PRD_2358,Philips Air Fryer HD9200 - Classic,Flipkart,Home & Kitchen,Kitchen Appliances,4897,3916,3886,20.6,0.8,19.8,Artificial / Slight Hike,3.9,1184,5.4,3.9
PRD_2359,JBL Tune 510BT - Series 2026,Flipkart,Electronics,Audio & Headphones,27293,22310,25646,6.0,-15.0,21.0,Fake Discount (Hidden Markup),2.9,267,19.7,3.7
PRD_2360,Apple Watch SE - Plus,Amazon,Electronics,Smartwatches,15687,14631,11798,24.8,19.4,5.4,Genuine Deal,4.2,27,7.9,4.9
PRD_2361,US Polo Assn Casual Shirt - Classic,Amazon,Fashion,Men Apparel,978,773,763,22.0,1.3,20.7,Artificial / Slight Hike,4.3,1300,3.7,4.7
PRD_2362,Van Heusen Formal Shirt - Plus,Amazon,Fashion,Men Apparel,2185,1673,1819,16.8,-8.7,25.5,Fake Discount (Hidden Markup),3.5,825,21.6,4.3
PRD_2363,Google Pixel 8 - Lite,Flipkart,Electronics,Smartphones,16564,13056,13076,21.1,-0.2,21.3,Artificial / Slight Hike,3.7,534,3.5,4.6
PRD_2364,LG 1.5 Ton 5 Star Inverter AC - Lite,Amazon,Appliances,Large Appliances,42753,38880,30182,29.4,22.4,7.0,Genuine Deal,3.8,1093,10.4,3.4
PRD_2365,Milton Thermosteel Bottle - Standard,Flipkart,Home & Kitchen,Cookware & Dining,3558,2974,3198,10.1,-7.5,17.6,Fake Discount (Hidden Markup),2.4,766,21.2,4.3
PRD_2366,Prestige Omega Deluxe Granite Cookware - Classic,Amazon,Home & Kitchen,Cookware & Dining,1893,1720,1742,8.0,-1.3,9.3,Artificial / Slight Hike,4.0,626,4.7,3.4
PRD_2367,Borosil Glass Lunch Box Set - Standard,Amazon,Home & Kitchen,Cookware & Dining,2979,2436,2015,32.4,17.3,15.1,Genuine Deal,3.8,1668,9.7,3.5
PRD_2368,W for Woman Straight Kurti - Ultra,Flipkart,Fashion,Women Apparel,868,731,739,14.9,-1.1,16.0,Artificial / Slight Hike,4.4,5263,6.8,4.4
PRD_2369,Google Pixel 8 - Pro Edition,Flipkart,Electronics,Smartphones,36620,30787,29555,19.3,4.0,15.3,Artificial / Slight Hike,4.2,2238,6.4,4.6
PRD_2370,Philips Trimmer BT3231 - Series 2026,Flipkart,Beauty & Personal Care,Grooming,1876,1547,1543,17.8,0.3,17.5,Artificial / Slight Hike,4.7,820,3.9,3.5
PRD_2371,Voltas 1.5 Ton Split AC - Plus,Flipkart,Appliances,Large Appliances,24497,19183,21290,13.1,-11.0,24.1,Fake Discount (Hidden Markup),3.0,428,26.4,3.6
PRD_2372,OnePlus Bullets Z2 - Series 2026,Flipkart,Electronics,Audio & Headphones,8755,7614,5389,38.4,29.2,9.2,Genuine Deal,4.7,289,4.6,3.3
PRD_2373,LG 1.5 Ton 5 Star Inverter AC - Classic,Amazon,Appliances,Large Appliances,31785,28281,21989,30.8,22.2,8.6,Genuine Deal,4.1,2061,8.6,4.1
PRD_2374,Levi's Women Skinny Jeans - Pro Edition,Flipkart,Fashion,Women Apparel,3042,2473,1719,43.5,30.5,13.0,Genuine Deal,4.8,456,9.5,4.2
PRD_2375,Braun Series 3 Shaver - Series 2026,Amazon,Beauty & Personal Care,Grooming,910,726,836,8.1,-15.2,23.3,Fake Discount (Hidden Markup),4.0,336,13.9,4.7
PRD_2376,Prestige Omega Deluxe Granite Cookware - Pro Edition,Amazon,Home & Kitchen,Cookware & Dining,1498,1267,1446,3.5,-14.1,17.6,Fake Discount (Hidden Markup),3.3,445,19.9,3.4
PRD_2377,Zara Floral Dress - Classic,Amazon,Fashion,Women Apparel,4309,3999,3853,10.6,3.7,6.9,Artificial / Slight Hike,3.9,1910,3.3,4.2
PRD_2378,LG 1.5 Ton 5 Star Inverter AC - Classic,Amazon,Appliances,Large Appliances,41703,36601,36450,12.6,0.4,12.2,Artificial / Slight Hike,3.7,108,9.1,4.8
PRD_2379,LG 1.5 Ton 5 Star Inverter AC - Series 2026,Amazon,Appliances,Large Appliances,32224,29212,32174,0.2,-10.1,10.3,Fake Discount (Hidden Markup),3.9,866,18.0,3.8
PRD_2380,W for Woman Straight Kurti - Ultra,Amazon,Fashion,Women Apparel,2024,1850,1808,10.7,2.3,8.4,Artificial / Slight Hike,4.5,209,7.9,4.6
PRD_2381,Redmi Note 13 Pro - Series 2026,Amazon,Electronics,Smartphones,36915,32232,36865,0.1,-14.4,14.5,Fake Discount (Hidden Markup),3.4,169,16.3,3.2
PRD_2382,Bata Formal Oxford - Standard,Flipkart,Fashion,Footwear,10839,9324,9093,16.1,2.5,13.6,Artificial / Slight Hike,4.2,1791,3.7,3.3
PRD_2383,Noise ColorFit Pulse - Plus,Amazon,Electronics,Smartwatches,21103,19907,21053,0.2,-5.8,6.0,Fake Discount (Hidden Markup),3.5,617,16.0,4.3
PRD_2384,Prestige Omega Deluxe Granite Cookware - Series 2026,Flipkart,Home & Kitchen,Cookware & Dining,3857,3048,3072,20.4,-0.8,21.2,Artificial / Slight Hike,4.7,303,4.3,3.8
PRD_2385,Philips Air Fryer HD9200 - Plus,Flipkart,Home & Kitchen,Kitchen Appliances,6192,5540,5500,11.2,0.7,10.5,Artificial / Slight Hike,4.2,202,3.9,4.6
PRD_2386,Milton Thermosteel Bottle - Pro Edition,Amazon,Home & Kitchen,Cookware & Dining,1705,1393,1594,6.5,-14.4,20.9,Fake Discount (Hidden Markup),3.5,2928,18.1,3.7
PRD_2387,OnePlus Bullets Z2 - Plus,Amazon,Electronics,Audio & Headphones,17175,16028,13232,23.0,17.4,5.6,Genuine Deal,4.3,110,5.1,4.4
PRD_2388,Realme Narzo 60 - Series 2026,Amazon,Electronics,Smartphones,54587,42014,40481,25.8,3.6,22.2,Artificial / Slight Hike,4.8,3279,7.6,3.7
PRD_2389,Fire-Boltt Ninja - Standard,Amazon,Electronics,Smartwatches,2494,2230,2200,11.8,1.3,10.5,Artificial / Slight Hike,4.2,368,6.3,3.9
PRD_2390,Nike Air Max SC - Ultra,Flipkart,Fashion,Footwear,1068,908,593,44.5,34.7,9.8,Genuine Deal,4.4,1015,5.1,3.3
PRD_2391,Havells Multi-Grooming Kit - Series 2026,Amazon,Beauty & Personal Care,Grooming,1844,1738,1716,6.9,1.3,5.6,Artificial / Slight Hike,4.2,240,10.3,3.2
PRD_2392,Philips Trimmer BT3231 - Series 2026,Flipkart,Beauty & Personal Care,Grooming,2358,2091,1489,36.9,28.8,8.1,Genuine Deal,3.9,535,8.5,4.1
PRD_2393,Prestige Omega Deluxe Granite Cookware - Lite,Amazon,Home & Kitchen,Cookware & Dining,2557,2287,1669,34.7,27.0,7.7,Genuine Deal,4.8,109,3.3,3.8
PRD_2394,Voltas 1.5 Ton Split AC - Pro Edition,Amazon,Appliances,Large Appliances,34743,32013,23803,31.5,25.6,5.9,Genuine Deal,3.9,3795,4.9,4.0
PRD_2395,LG 1.5 Ton 5 Star Inverter AC - Lite,Amazon,Appliances,Large Appliances,43744,37985,28719,34.3,24.4,9.9,Genuine Deal,4.7,2668,9.2,4.8
PRD_2396,Minimalist 10% Niacinamide Serum - Ultra,Amazon,Beauty & Personal Care,Skincare,558,420,274,50.9,34.8,16.1,Genuine Deal,3.7,836,5.3,3.4
PRD_2397,The Derma Co 1% Hyaluronic Sunscreen - Classic,Amazon,Beauty & Personal Care,Skincare,642,537,523,18.5,2.6,15.9,Artificial / Slight Hike,4.5,162,5.7,3.7
PRD_2398,Allen Solly Polo T-Shirt - Standard,Flipkart,Fashion,Men Apparel,2025,1611,1715,15.3,-6.5,21.8,Fake Discount (Hidden Markup),2.8,216,17.1,4.6
PRD_2399,Van Heusen Formal Shirt - Plus,Amazon,Fashion,Men Apparel,3263,2632,2654,18.7,-0.8,19.5,Artificial / Slight Hike,3.9,1774,6.5,3.7
PRD_2400,Prestige Omega Deluxe Granite Cookware - Plus,Flipkart,Home & Kitchen,Cookware & Dining,1854,1748,1686,9.1,3.5,5.6,Artificial / Slight Hike,4.0,101,5.6,4.2
PRD_2401,Apple iPhone 15 - Ultra,Amazon,Electronics,Smartphones,60061,50745,33237,44.7,34.5,10.2,Genuine Deal,4.0,931,9.0,4.2
PRD_2402,Allen Solly Polo T-Shirt - Plus,Amazon,Fashion,Men Apparel,3319,3148,3075,7.4,2.3,5.1,Artificial / Slight Hike,4.6,25,10.2,3.2
PRD_2403,Braun Series 3 Shaver - Ultra,Amazon,Beauty & Personal Care,Grooming,1465,1367,1415,3.4,-3.5,6.9,Fake Discount (Hidden Markup),3.8,1363,21.7,3.7
PRD_2404,HP Pavilion 15 - Ultra,Flipkart,Electronics,Laptops & Tablets,84113,69442,48263,42.6,30.5,12.1,Genuine Deal,3.7,1036,6.2,3.2
PRD_2405,US Polo Assn Casual Shirt - Standard,Flipkart,Fashion,Men Apparel,1074,965,636,40.8,34.1,6.7,Genuine Deal,3.7,2479,6.4,4.5
PRD_2406,IFB 7Kg Front Load Washing Machine - Pro Edition,Flipkart,Appliances,Large Appliances,37196,32430,21927,41.1,32.4,8.7,Genuine Deal,3.6,555,9.9,4.3
PRD_2407,Morphy Richards Oven Toast - Lite,Flipkart,Home & Kitchen,Kitchen Appliances,8762,6996,6873,21.6,1.8,19.8,Artificial / Slight Hike,4.6,1741,9.7,3.8
PRD_2408,Van Heusen Formal Shirt - Plus,Amazon,Fashion,Men Apparel,1651,1526,1265,23.4,17.1,6.3,Genuine Deal,3.7,112,8.5,3.5
PRD_2409,Borosil Glass Lunch Box Set - Series 2026,Amazon,Home & Kitchen,Cookware & Dining,797,658,720,9.7,-9.4,19.1,Fake Discount (Hidden Markup),3.2,662,22.3,4.7
PRD_2410,Samsung 253L Double Door Refrigerator - Series 2026,Amazon,Appliances,Large Appliances,28329,21299,24681,12.9,-15.9,28.8,Fake Discount (Hidden Markup),3.2,1264,25.9,4.8
PRD_2411,Borosil Glass Lunch Box Set - Series 2026,Amazon,Home & Kitchen,Cookware & Dining,2036,1817,1395,31.5,23.2,8.3,Genuine Deal,4.4,168,7.6,4.2
PRD_2412,The Derma Co 1% Hyaluronic Sunscreen - Standard,Flipkart,Beauty & Personal Care,Skincare,1018,957,766,24.8,20.0,4.8,Genuine Deal,3.9,7587,5.7,4.6
PRD_2413,LG 1.5 Ton 5 Star Inverter AC - Ultra,Flipkart,Appliances,Large Appliances,28485,25257,28435,0.2,-12.6,12.8,Fake Discount (Hidden Markup),2.1,328,26.5,4.4
PRD_2414,boAt Rockerz 450 - Ultra,Amazon,Electronics,Audio & Headphones,6959,6389,6405,8.0,-0.3,8.3,Artificial / Slight Hike,4.9,161,6.6,4.4
PRD_2415,Adidas Ultraboost Light - Ultra,Amazon,Fashion,Footwear,5408,4761,4852,10.3,-1.9,12.2,Artificial / Slight Hike,3.8,4601,9.8,3.5
PRD_2416,Puma Smash v2 - Series 2026,Flipkart,Fashion,Footwear,2886,2206,2230,22.7,-1.1,23.8,Artificial / Slight Hike,4.1,700,3.5,4.5
PRD_2417,Voltas 1.5 Ton Split AC - Lite,Amazon,Appliances,Large Appliances,37822,32994,32002,15.4,3.0,12.4,Artificial / Slight Hike,4.2,714,10.9,4.3
PRD_2418,Philips Trimmer BT3231 - Standard,Flipkart,Beauty & Personal Care,Grooming,3633,2726,2061,43.3,24.4,18.9,Genuine Deal,4.2,225,7.5,4.7
PRD_2419,Samsung 253L Double Door Refrigerator - Standard,Amazon,Appliances,Large Appliances,44977,36556,31774,29.4,13.1,16.3,Genuine Deal,4.1,532,9.7,3.3
PRD_2420,Morphy Richards Oven Toast - Plus,Amazon,Home & Kitchen,Kitchen Appliances,10058,7996,8084,19.6,-1.1,20.7,Artificial / Slight Hike,4.1,2474,7.7,3.7
PRD_2421,LG 1.5 Ton 5 Star Inverter AC - Lite,Amazon,Appliances,Large Appliances,23965,18278,13300,44.5,27.2,17.3,Genuine Deal,4.0,148,10.7,4.0
PRD_2422,Samsung 253L Double Door Refrigerator - Lite,Amazon,Appliances,Large Appliances,37670,34856,33562,10.9,3.7,7.2,Artificial / Slight Hike,4.5,1046,7.9,3.5
PRD_2423,The Derma Co 1% Hyaluronic Sunscreen - Pro Edition,Amazon,Beauty & Personal Care,Skincare,518,443,468,9.7,-5.6,15.3,Fake Discount (Hidden Markup),4.0,507,21.7,4.6
PRD_2424,IFB 7Kg Front Load Washing Machine - Standard,Amazon,Appliances,Large Appliances,46235,39740,39340,14.9,1.0,13.9,Artificial / Slight Hike,4.4,288,5.4,4.1
PRD_2425,IFB 7Kg Front Load Washing Machine - Classic,Amazon,Appliances,Large Appliances,44176,39162,39029,11.7,0.3,11.4,Artificial / Slight Hike,4.1,558,8.9,4.4
PRD_2426,Braun Series 3 Shaver - Classic,Flipkart,Beauty & Personal Care,Grooming,2985,2573,2935,1.7,-14.1,15.8,Fake Discount (Hidden Markup),3.3,1848,15.0,4.8
PRD_2427,Havells Multi-Grooming Kit - Standard,Flipkart,Beauty & Personal Care,Grooming,1904,1592,1727,9.3,-8.5,17.8,Fake Discount (Hidden Markup),3.6,909,13.3,4.7
PRD_2428,IFB 7Kg Front Load Washing Machine - Ultra,Flipkart,Appliances,Large Appliances,40092,33385,32442,19.1,2.8,16.3,Artificial / Slight Hike,4.9,1495,9.4,3.4
PRD_2429,Philips Trimmer BT3231 - Classic,Amazon,Beauty & Personal Care,Grooming,1182,1062,1040,12.0,2.1,9.9,Artificial / Slight Hike,4.0,609,8.6,3.2
PRD_2430,Mamaearth Vitamin C Face Wash - Standard,Flipkart,Beauty & Personal Care,Skincare,401,326,316,21.2,3.1,18.1,Artificial / Slight Hike,4.7,470,9.8,4.1
PRD_2431,Braun Series 3 Shaver - Classic,Amazon,Beauty & Personal Care,Grooming,1603,1332,1553,3.1,-16.6,19.7,Fake Discount (Hidden Markup),4.0,2857,24.4,3.6
PRD_2432,Samsung 253L Double Door Refrigerator - Standard,Flipkart,Appliances,Large Appliances,40297,38097,28972,28.1,24.0,4.1,Genuine Deal,4.8,1123,3.8,3.7
PRD_2433,Havells Multi-Grooming Kit - Series 2026,Amazon,Beauty & Personal Care,Grooming,3022,2416,2414,20.1,0.1,20.0,Artificial / Slight Hike,4.3,39,5.9,4.2
PRD_2434,Sparx Running Shoes - Series 2026,Amazon,Fashion,Footwear,11540,9773,10335,10.4,-5.8,16.2,Fake Discount (Hidden Markup),3.3,2245,17.6,3.8
PRD_2435,LG 1.5 Ton 5 Star Inverter AC - Lite,Amazon,Appliances,Large Appliances,41496,31566,21527,48.1,31.8,16.3,Genuine Deal,4.1,24,4.4,3.8
PRD_2436,Sennheiser HD 450SE - Pro Edition,Amazon,Electronics,Audio & Headphones,11826,11175,11776,0.4,-5.4,5.8,Fake Discount (Hidden Markup),2.6,176,18.9,4.0
PRD_2437,Van Heusen Formal Shirt - Plus,Amazon,Fashion,Men Apparel,1311,1152,1134,13.5,1.6,11.9,Artificial / Slight Hike,3.8,793,9.8,3.5
PRD_2438,Samsung 253L Double Door Refrigerator - Ultra,Amazon,Appliances,Large Appliances,45623,39595,28697,37.1,27.5,9.6,Genuine Deal,3.6,452,5.7,4.7
PRD_2439,Havells Multi-Grooming Kit - Classic,Flipkart,Beauty & Personal Care,Grooming,3510,3108,3038,13.4,2.3,11.1,Artificial / Slight Hike,4.6,637,7.5,4.8
PRD_2440,Apple Watch SE - Classic,Flipkart,Electronics,Smartwatches,14020,13100,13970,0.4,-6.6,7.0,Fake Discount (Hidden Markup),2.2,2264,20.6,3.9
PRD_2441,Sparx Running Shoes - Plus,Amazon,Fashion,Footwear,7418,6254,7156,3.5,-14.4,17.9,Fake Discount (Hidden Markup),4.0,465,15.5,3.3
PRD_2442,Sparx Running Shoes - Plus,Flipkart,Fashion,Footwear,11303,8869,10357,8.4,-16.8,25.2,Fake Discount (Hidden Markup),2.9,226,25.5,3.2
PRD_2443,Milton Thermosteel Bottle - Pro Edition,Flipkart,Home & Kitchen,Cookware & Dining,2752,2465,2126,22.7,13.8,8.9,Genuine Deal,4.6,595,7.7,3.8
PRD_2444,Braun Series 3 Shaver - Series 2026,Flipkart,Beauty & Personal Care,Grooming,3267,2614,2653,18.8,-1.5,20.3,Artificial / Slight Hike,4.6,39,4.3,4.6
PRD_2445,Bajaj Mixer Grinder 750W - Pro Edition,Amazon,Home & Kitchen,Kitchen Appliances,10301,9056,9073,11.9,-0.2,12.1,Artificial / Slight Hike,3.6,1626,6.0,3.5
PRD_2446,IFB 7Kg Front Load Washing Machine - Lite,Amazon,Appliances,Large Appliances,22802,20906,17162,24.7,17.9,6.8,Genuine Deal,3.7,515,6.5,3.4
PRD_2447,Levi's Women Skinny Jeans - Standard,Flipkart,Fashion,Women Apparel,3025,2615,2112,30.2,19.2,11.0,Genuine Deal,4.4,310,5.8,3.4
PRD_2448,Samsung 253L Double Door Refrigerator - Lite,Flipkart,Appliances,Large Appliances,34750,26948,26709,23.1,0.9,22.2,Artificial / Slight Hike,4.8,161,8.8,3.5
PRD_2449,Borosil Glass Lunch Box Set - Plus,Amazon,Home & Kitchen,Cookware & Dining,2440,2009,1967,19.4,2.1,17.3,Artificial / Slight Hike,3.7,1684,10.7,4.3
PRD_2450,Adidas Ultraboost Light - Pro Edition,Flipkart,Fashion,Footwear,995,751,748,24.8,0.4,24.4,Artificial / Slight Hike,4.1,352,6.4,3.8
PRD_2451,Samsung 253L Double Door Refrigerator - Ultra,Flipkart,Appliances,Large Appliances,44055,37205,28612,35.1,23.1,12.0,Genuine Deal,3.7,1441,4.0,4.8
PRD_2452,Adidas Ultraboost Light - Standard,Flipkart,Fashion,Footwear,6525,5946,6323,3.1,-6.3,9.4,Fake Discount (Hidden Markup),2.1,222,19.2,4.5
PRD_2453,Prestige Omega Deluxe Granite Cookware - Ultra,Amazon,Home & Kitchen,Cookware & Dining,1636,1494,1586,3.1,-6.2,9.3,Fake Discount (Hidden Markup),2.3,1595,27.7,4.6
PRD_2454,Prestige Omega Deluxe Granite Cookware - Lite,Flipkart,Home & Kitchen,Cookware & Dining,523,473,479,8.4,-1.3,9.7,Artificial / Slight Hike,4.2,2316,6.5,4.3
PRD_2455,LG 1.5 Ton 5 Star Inverter AC - Plus,Amazon,Appliances,Large Appliances,38981,33627,34193,12.3,-1.7,14.0,Artificial / Slight Hike,3.8,1250,8.0,4.5
PRD_2456,Morphy Richards Oven Toast - Pro Edition,Amazon,Home & Kitchen,Kitchen Appliances,6740,5591,6016,10.7,-7.6,18.3,Fake Discount (Hidden Markup),3.1,915,17.5,3.6
PRD_2457,Bata Formal Oxford - Classic,Amazon,Fashion,Footwear,8610,7019,4949,42.5,29.5,13.0,Genuine Deal,3.9,536,4.2,4.2
PRD_2458,Noise Two Wireless - Plus,Amazon,Electronics,Audio & Headphones,8750,8057,7981,8.8,0.9,7.9,Artificial / Slight Hike,3.7,887,6.2,4.6
PRD_2459,Morphy Richards Oven Toast - Lite,Flipkart,Home & Kitchen,Kitchen Appliances,3088,2639,2597,15.9,1.6,14.3,Artificial / Slight Hike,4.7,251,4.7,3.6
PRD_2460,Mamaearth Vitamin C Face Wash - Ultra,Flipkart,Beauty & Personal Care,Skincare,751,622,628,16.4,-1.0,17.4,Artificial / Slight Hike,4.5,894,6.6,3.3
PRD_2461,US Polo Assn Casual Shirt - Standard,Flipkart,Fashion,Men Apparel,2771,2342,2333,15.8,0.4,15.4,Artificial / Slight Hike,4.6,1388,6.7,4.3
PRD_2462,Samsung Galaxy Watch 6 - Series 2026,Flipkart,Electronics,Smartwatches,26298,22367,25673,2.4,-14.8,17.2,Fake Discount (Hidden Markup),2.4,982,25.3,4.9
PRD_2463,LG 1.5 Ton 5 Star Inverter AC - Ultra,Amazon,Appliances,Large Appliances,28338,25237,24916,12.1,1.3,10.8,Artificial / Slight Hike,4.2,476,8.7,4.5
PRD_2464,Prestige Omega Deluxe Granite Cookware - Classic,Flipkart,Home & Kitchen,Cookware & Dining,703,545,450,36.0,17.4,18.6,Genuine Deal,3.9,886,6.8,3.6
PRD_2465,Allen Solly Polo T-Shirt - Plus,Amazon,Fashion,Men Apparel,2297,1951,1399,39.1,28.3,10.8,Genuine Deal,4.6,489,8.2,4.8
PRD_2466,Samsung 253L Double Door Refrigerator - Series 2026,Amazon,Appliances,Large Appliances,29739,25627,20666,30.5,19.4,11.1,Genuine Deal,4.4,1616,9.1,4.6
PRD_2467,MacBook Air M2 - Plus,Amazon,Electronics,Laptops & Tablets,64650,53942,45104,30.2,16.4,13.8,Genuine Deal,4.4,3006,9.9,4.1
PRD_2468,Allen Solly Polo T-Shirt - Lite,Amazon,Fashion,Men Apparel,3224,2553,2753,14.6,-7.8,22.4,Fake Discount (Hidden Markup),3.1,161,25.5,4.6
PRD_2469,Bajaj Mixer Grinder 750W - Series 2026,Flipkart,Home & Kitchen,Kitchen Appliances,5996,4878,4850,19.1,0.6,18.5,Artificial / Slight Hike,4.8,865,7.2,3.3
PRD_2470,The Derma Co 1% Hyaluronic Sunscreen - Lite,Amazon,Beauty & Personal Care,Skincare,978,865,928,5.1,-7.3,12.4,Fake Discount (Hidden Markup),3.3,295,17.9,4.4
PRD_2471,Samsung 253L Double Door Refrigerator - Lite,Amazon,Appliances,Large Appliances,31995,26247,28981,9.4,-10.4,19.8,Fake Discount (Hidden Markup),2.7,705,18.2,3.3
PRD_2472,Samsung 253L Double Door Refrigerator - Standard,Amazon,Appliances,Large Appliances,37639,34531,33444,11.1,3.1,8.0,Artificial / Slight Hike,4.3,113,8.5,4.0
PRD_2473,The Derma Co 1% Hyaluronic Sunscreen - Lite,Flipkart,Beauty & Personal Care,Skincare,369,327,322,12.7,1.5,11.2,Artificial / Slight Hike,3.7,825,8.2,4.1
PRD_2474,Fire-Boltt Ninja - Pro Edition,Amazon,Electronics,Smartwatches,30323,25666,29475,2.8,-14.8,17.6,Fake Discount (Hidden Markup),3.1,646,22.4,4.1
PRD_2475,Milton Thermosteel Bottle - Standard,Amazon,Home & Kitchen,Cookware & Dining,849,672,647,23.8,3.7,20.1,Artificial / Slight Hike,4.2,175,3.6,4.5
PRD_2476,Levi's Women Skinny Jeans - Plus,Flipkart,Fashion,Women Apparel,4115,3272,3526,14.3,-7.8,22.1,Fake Discount (Hidden Markup),3.3,291,13.5,3.7
PRD_2477,Philips Trimmer BT3231 - Pro Edition,Amazon,Beauty & Personal Care,Grooming,3060,2519,2447,20.0,2.9,17.1,Artificial / Slight Hike,4.5,585,5.6,4.7
PRD_2478,Samsung Galaxy S23 - Classic,Amazon,Electronics,Smartphones,84573,68714,47635,43.7,30.7,13.0,Genuine Deal,4.0,468,6.6,3.7
PRD_2479,Lenovo IdeaPad Slim 3 - Pro Edition,Flipkart,Electronics,Laptops & Tablets,49310,44736,43831,11.1,2.0,9.1,Artificial / Slight Hike,4.8,2321,3.1,4.1
PRD_2480,boAt Rockerz 450 - Lite,Flipkart,Electronics,Audio & Headphones,27287,20532,23090,15.4,-12.5,27.9,Fake Discount (Hidden Markup),3.6,420,16.4,4.3
PRD_2481,Samsung 253L Double Door Refrigerator - Ultra,Flipkart,Appliances,Large Appliances,42710,33300,33271,22.1,0.1,22.0,Artificial / Slight Hike,4.4,1139,7.7,4.3
PRD_2482,Minimalist 10% Niacinamide Serum - Series 2026,Flipkart,Beauty & Personal Care,Skincare,704,618,594,15.6,3.9,11.7,Artificial / Slight Hike,4.1,2754,3.5,3.3
PRD_2483,Borosil Glass Lunch Box Set - Pro Edition,Flipkart,Home & Kitchen,Cookware & Dining,2208,1898,1253,43.3,34.0,9.3,Genuine Deal,4.7,233,8.3,4.4
PRD_2484,Van Heusen Formal Shirt - Series 2026,Amazon,Fashion,Men Apparel,3439,3104,2528,26.5,18.6,7.9,Genuine Deal,3.8,1650,5.3,4.0
PRD_2485,Sony WH-1000XM5 - Series 2026,Flipkart,Electronics,Audio & Headphones,13638,11252,7390,45.8,34.3,11.5,Genuine Deal,4.2,193,10.6,4.5
PRD_2486,Realme Narzo 60 - Lite,Flipkart,Electronics,Smartphones,82079,76609,73672,10.2,3.8,6.4,Artificial / Slight Hike,4.9,233,6.8,3.5
PRD_2487,Prestige Induction Cooktop - Plus,Amazon,Home & Kitchen,Kitchen Appliances,8778,7040,6831,22.2,3.0,19.2,Artificial / Slight Hike,4.5,344,7.3,4.5
PRD_2488,Cetaphil Gentle Skin Cleanser - Standard,Flipkart,Beauty & Personal Care,Skincare,927,706,520,43.9,26.3,17.6,Genuine Deal,3.9,145,10.2,4.3
PRD_2489,Samsung 253L Double Door Refrigerator - Pro Edition,Amazon,Appliances,Large Appliances,44118,39312,32465,26.4,17.4,9.0,Genuine Deal,4.0,4117,10.1,3.3
PRD_2490,Biba Printed Anarkali Kurta - Classic,Flipkart,Fashion,Women Apparel,2134,1891,1853,13.2,2.0,11.2,Artificial / Slight Hike,4.5,2031,4.1,4.4
PRD_2491,Voltas 1.5 Ton Split AC - Plus,Amazon,Appliances,Large Appliances,33398,29182,33348,0.1,-14.3,14.4,Fake Discount (Hidden Markup),4.0,1147,24.8,3.4
PRD_2492,Zara Floral Dress - Standard,Amazon,Fashion,Women Apparel,1054,852,854,19.0,-0.2,19.2,Artificial / Slight Hike,4.0,46,6.8,4.5
PRD_2493,Cetaphil Gentle Skin Cleanser - Ultra,Amazon,Beauty & Personal Care,Skincare,895,792,786,12.2,0.8,11.4,Artificial / Slight Hike,4.0,812,9.8,4.6
PRD_2494,Prestige Induction Cooktop - Classic,Amazon,Home & Kitchen,Kitchen Appliances,6342,5361,3861,39.1,28.0,11.1,Genuine Deal,3.7,1034,7.6,4.8
PRD_2495,Samsung 253L Double Door Refrigerator - Classic,Flipkart,Appliances,Large Appliances,26182,20001,19811,24.3,0.9,23.4,Artificial / Slight Hike,4.2,47,7.5,4.9
PRD_2496,Philips Trimmer BT3231 - Standard,Amazon,Beauty & Personal Care,Grooming,3494,3296,3444,1.4,-4.5,5.9,Fake Discount (Hidden Markup),3.2,1672,27.3,4.6
PRD_2497,IFB 7Kg Front Load Washing Machine - Classic,Amazon,Appliances,Large Appliances,43389,33958,33918,21.8,0.1,21.7,Artificial / Slight Hike,4.7,455,7.3,3.9
PRD_2498,Puma Smash v2 - Ultra,Amazon,Fashion,Footwear,8989,7323,7461,17.0,-1.9,18.9,Artificial / Slight Hike,4.3,74,9.6,4.8
PRD_2499,Prestige Induction Cooktop - Pro Edition,Amazon,Home & Kitchen,Kitchen Appliances,9111,7790,7712,15.4,1.0,14.4,Artificial / Slight Hike,4.4,67,4.1,3.4
PRD_2500,IFB 7Kg Front Load Washing Machine - Plus,Flipkart,Appliances,Large Appliances,33853,31897,27984,17.3,12.3,5.0,Genuine Deal,4.1,837,3.0,3.8
